articleKey;author
persons/CoddD74;E. F. Codd
persons/CoddD74;C. J. Date
persons/Hall74;Patrick A. V. Hall
persons/Codd81;E. F. Codd
persons/Tresch96;Markus Tresch
persons/Codd72;E. F. Codd
persons/Codd71a;E. F. Codd
persons/Codd71;E. F. Codd
persons/Codd69;E. F. Codd
persons/Codd71b;E. F. Codd
persons/CasperGGGHLR12;Markus Casper
persons/CasperGGGHLR12;Gayane Grigoryan
persons/CasperGGGHLR12;Oliver Gronz
persons/CasperGGGHLR12;Oliver Gutjahr
persons/CasperGGGHLR12;Günther Heinemann
persons/CasperGGGHLR12;Rita Ley
persons/CasperGGGHLR12;Andreas Rock
persons/LeyCHM11;Rita Ley
persons/LeyCHM11;Markus Casper
persons/LeyCHM11;Hugo Hellebrand
persons/LeyCHM11;Ralf Merz
persons/Ley95;Michael Ley
journals/ftcit/Kramer07;Gerhard Kramer
journals/ftcit/LiangPS09;Yingbin Liang
journals/ftcit/LiangPS09;H. Vincent Poor
journals/ftcit/LiangPS09;Shlomo Shamai
journals/ftcit/HaroutunianHH07;Evgueni A. Haroutunian
journals/ftcit/HaroutunianHH07;Mariam E. Haroutunian
journals/ftcit/HaroutunianHH07;Ashot N. Harutyunyan
journals/ftcit/IgnatenkoW12;Tanya Ignatenko
journals/ftcit/IgnatenkoW12;Frans M. J. Willems
journals/ftcit/ShangC13;Xiaohu Shang
journals/ftcit/ShangC13;Biao Chen
journals/ftcit/BiglieriGL12;Ezio Biglieri
journals/ftcit/BiglieriGL12;Emanuele Grossi
journals/ftcit/BiglieriGL12;Marco Lops
journals/ftcit/OggierBV07;Frédérique E. Oggier
journals/ftcit/OggierBV07;Jean-Claude Belfiore
journals/ftcit/OggierBV07;Emanuele Viterbo
journals/ftcit/Gutierrez-GutierrezC12;Jesús Gutiérrez-Gutiérrez
journals/ftcit/Gutierrez-GutierrezC12;Pedro M. Crespo
journals/ftcit/FabregasC08;Albert Guillen i Fabregas
journals/ftcit/FabregasC08;Giuseppe Caire
journals/ftcit/JorswieckB06;Eduard A. Jorswieck
journals/ftcit/JorswieckB06;Holger Boche
journals/ftcit/OggierV04;Frédérique E. Oggier
journals/ftcit/OggierV04;Emanuele Viterbo
journals/ftcit/WangKV09;Qing Wang
journals/ftcit/WangKV09;Sanjeev R. Kulkarni
journals/ftcit/WangKV09;Sergio Verdú
journals/ftcit/Sasoglu12;Eren Sasoglu
journals/ftcit/Merhav10;Neri Merhav
journals/ftcit/RaginskyS13;Maxim Raginsky
journals/ftcit/RaginskyS13;Igal Sason
journals/ftcit/OggierD13;Frédérique E. Oggier
journals/ftcit/OggierD13;Anwitaman Datta
journals/ftcit/SimeoneLSSZPS12;Osvaldo Simeone
journals/ftcit/SimeoneLSSZPS12;Nathan Levy
journals/ftcit/SimeoneLSSZPS12;Amichai Sanderovich
journals/ftcit/SimeoneLSSZPS12;Oren Somekh
journals/ftcit/SimeoneLSSZPS12;Benjamin M. Zaidel
journals/ftcit/SimeoneLSSZPS12;H. Vincent Poor
journals/ftcit/SimeoneLSSZPS12;Shlomo Shamai
journals/ftcit/ShokrollahiL09;Mohammad Amin Shokrollahi
journals/ftcit/ShokrollahiL09;Michael Luby
journals/ftcit/YeungLCZ05a;Raymond W. Yeung
journals/ftcit/YeungLCZ05a;Shuo-Yen Robert Li
journals/ftcit/YeungLCZ05a;Ning Cai
journals/ftcit/YeungLCZ05a;Zhen Zhang
journals/ftcit/Tan14;Vincent Y. F. Tan
journals/ftcit/LandH06;Ingmar Land
journals/ftcit/LandH06;Johannes B. Huber
journals/ftcit/BiglieriT04;Ezio Biglieri
journals/ftcit/BiglieriT04;Giorgio Taricco
journals/ftcit/GibsonH14;Jerry D. Gibson
journals/ftcit/GibsonH14;Jing Hu
journals/ftcit/PalomarJ06;Daniel Pérez Palomar
journals/ftcit/PalomarJ06;Yi Jiang
journals/ftcit/SchubertB05;Martin Schubert
journals/ftcit/SchubertB05;Holger Boche
journals/ftcit/TulinoV04;Antonia Maria Tulino
journals/ftcit/TulinoV04;Sergio Verdú
journals/ftcit/Yeh12;Edmund M. Yeh
journals/ftcit/KeshetSM07;Guy Keshet
journals/ftcit/KeshetSM07;Yossef Steinberg
journals/ftcit/KeshetSM07;Neri Merhav
journals/ftcit/Jafar11;Syed Ali Jafar
journals/ftcit/Gray05;Robert M. Gray
journals/ftcit/CsiszarS04;Imre Csiszár
journals/ftcit/CsiszarS04;Paul C. Shields
journals/ftcit/Chiang05;Mung Chiang
journals/ftcit/YeungLCZ05;Raymond W. Yeung
journals/ftcit/YeungLCZ05;Shuo-Yen Robert Li
journals/ftcit/YeungLCZ05;Ning Cai
journals/ftcit/YeungLCZ05;Zhen Zhang
journals/ftcit/BjornsonJ13;Emil Björnson
journals/ftcit/BjornsonJ13;Eduard A. Jorswieck
journals/ftcit/SasonS06;Igal Sason
journals/ftcit/SasonS06;Shlomo Shamai
journals/ftcit/Huber10;Michael Huber
journals/crossroads/PuryearPADHBSJL06;Eric Puryear
journals/crossroads/PuryearPADHBSJL06;Jennifer Van Puymbrouck
journals/crossroads/PuryearPADHBSJL06;David Sigfredo Angulo
journals/crossroads/PuryearPADHBSJL06;Kevin Drew
journals/crossroads/PuryearPADHBSJL06;Lee Ann Hollenbeck
journals/crossroads/PuryearPADHBSJL06;Dominic Battré
journals/crossroads/PuryearPADHBSJL06;Alex Schilling
journals/crossroads/PuryearPADHBSJL06;David Jabon
journals/crossroads/PuryearPADHBSJL06;Gregor von Laszewski
journals/crossroads/Jardins08;Marie desJardins
journals/crossroads/Heckman07;Sarah Smith Heckman
journals/crossroads/Kittur10;Aniket Kittur
journals/crossroads/Kinnaird11;Peter Kinnaird
journals/crossroads/Talgam-CohenF14;Inbal Talgam-Cohen
journals/crossroads/Talgam-CohenF14;Sean Follmer
journals/crossroads/Zitnik13a;Marinka Zitnik
journals/crossroads/SawantH07;Amit P. Sawant
journals/crossroads/SawantH07;Christopher G. Healey
journals/crossroads/Scoica14;Adrian Scoica
journals/crossroads/Stevenson02;William Stevenson
journals/crossroads/Cocking08;Cara Cocking
journals/crossroads/Miller13;Andrew Miller
journals/crossroads/Armon12;Amitai Armon
journals/crossroads/Biewald10;Lukas Biewald
journals/crossroads/AthanasiouTY05;George Athanasiou
journals/crossroads/AthanasiouTY05;Leandros Tassiulas
journals/crossroads/AthanasiouTY05;Gregory S. Yovanof
journals/crossroads/Stanier10d;James Stanier
journals/crossroads/Chau11;Polo Chau
journals/crossroads/DePalmaR13;Nick DePalma
journals/crossroads/DePalmaR13;David Robert
journals/crossroads/Zitnik14b;Marinka Zitnik
journals/crossroads/Tucker00a;Matt Tucker
journals/crossroads/OBrien13;Michael O'Brien
journals/crossroads/Daruki14;Samira Daruki
journals/crossroads/AnselC10;Jason Ansel
journals/crossroads/AnselC10;Cy P. Chan
journals/crossroads/Zuba13b;Michael Zuba
journals/crossroads/ChenFMWW12;Yanpei Chen
journals/crossroads/ChenFMWW12;Andrew Ferguson
journals/crossroads/ChenFMWW12;Brian Martin
journals/crossroads/ChenFMWW12;Andrew Wang
journals/crossroads/ChenFMWW12;Patrick Wendell
journals/crossroads/Cocking08a;Cara Cocking
journals/crossroads/Solomon09b;Justin Solomon
journals/crossroads/Merritt12;Samantha Merritt
journals/crossroads/Shamma10;David A. Shamma
journals/crossroads/Pandey13;Anshul Vikram Pandey
journals/crossroads/Bungo08;Joe Bungo
journals/crossroads/Nauman08;Ryan Nauman
journals/crossroads/Fiesler13a;Casey Fiesler
journals/crossroads/Daniels09;Jeff Daniels
journals/crossroads/Sambasivan12;Nithya Sambasivan
journals/crossroads/KinnairdT12b;Peter Kinnaird
journals/crossroads/KinnairdT12b;Inbal Talgam-Cohen
journals/crossroads/Shay13;Rich Shay
journals/crossroads/Roth13;Aaron Roth
journals/crossroads/Harrison11b;Chris Harrison
journals/crossroads/SchaferBC02;Wendy A. Schafer
journals/crossroads/SchaferBC02;Doug A. Bowman
journals/crossroads/SchaferBC02;John M. Carroll
journals/crossroads/Solomon08b;Justin Solomon
journals/crossroads/LoukidesG09;Grigorios Loukides
journals/crossroads/LoukidesG09;Aris Gkoulalas-Divanis
journals/crossroads/MillerLBBCGHN10;Robert C. Miller
journals/crossroads/MillerLBBCGHN10;Greg Little
journals/crossroads/MillerLBBCGHN10;Michael S. Bernstein
journals/crossroads/MillerLBBCGHN10;Jeffrey P. Bigham
journals/crossroads/MillerLBBCGHN10;Lydia B. Chilton
journals/crossroads/MillerLBBCGHN10;Max Goldman
journals/crossroads/MillerLBBCGHN10;John Joseph Horton
journals/crossroads/MillerLBBCGHN10;Rajeev Nayak
journals/crossroads/Kuusisto13c;Finn Kuusisto
journals/crossroads/Lai03;Jennifer C. Lai
journals/crossroads/ElfardyAD14;Heba Elfardy
journals/crossroads/ElfardyAD14;Mohamed Al-Badrashiny
journals/crossroads/ElfardyAD14;Mona T. Diab
journals/crossroads/Mitropoulos13;Dimitris Mitropoulos
journals/crossroads/Jordan06;Chris Jordan
journals/crossroads/Farooq06;Umer Farooq
journals/crossroads/Dondanville06;Chris Dondanville
journals/crossroads/Ihrig12;Colin J. Ihrig
journals/crossroads/Zitnik13b;Marinka Zitnik
journals/crossroads/ONeill13;Brian O'Neill
journals/crossroads/Richter14;Wolfgang Richter
journals/crossroads/Wong05;Wing H. Wong
journals/crossroads/HovanovKS11;Nikolai V. Hovanov
journals/crossroads/HovanovKS11;James W. Kolari
journals/crossroads/HovanovKS11;Mikhail V. Sokolov
journals/crossroads/SawantB08;Amit P. Sawant
journals/crossroads/SawantB08;Naveen Bali
journals/crossroads/Aboukhalil13;Robert Aboukhalil
journals/crossroads/Angulo06;David Sigfredo Angulo
journals/crossroads/Kunze13;Kai Kunze
journals/crossroads/Cheshire03;Stuart Cheshire
journals/crossroads/ZubaD13;Michael Zuba
journals/crossroads/ZubaD13;Nick DePalma
journals/crossroads/KinnairdT12a;Peter Kinnaird
journals/crossroads/KinnairdT12a;Inbal Talgam-Cohen
journals/crossroads/Stamm08;Sid Stamm
journals/crossroads/Sambasivan12a;Nithya Sambasivan
journals/crossroads/Boring04;Ronald L. Boring
journals/crossroads/Deverett13;Ben Deverett
journals/crossroads/Verdicchio06;Mike Verdicchio
journals/crossroads/Kissel04;Zachary A. Kissel
journals/crossroads/HershkopS04;Shlomo Hershkop
journals/crossroads/HershkopS04;Salvatore J. Stolfo
journals/crossroads/Stevenson05b;William Stevenson
journals/crossroads/Manzano03;Yanet Manzano
journals/crossroads/Nyiri04;Joseph Nyiri
journals/crossroads/AmmaS13;Christoph Amma
journals/crossroads/AmmaS13;Tanja Schultz
journals/crossroads/CidonL12b;Asaf Cidon
journals/crossroads/CidonL12b;Tomer London
journals/crossroads/Dutta11;Prabal Dutta
journals/crossroads/Cope13;David Cope
journals/crossroads/KeeganAWSC11;Brian Keegan
journals/crossroads/KeeganAWSC11;Muhammad Aurangzeb Ahmad
journals/crossroads/KeeganAWSC11;Dmitri Williams
journals/crossroads/KeeganAWSC11;Jaideep Srivastava
journals/crossroads/KeeganAWSC11;Noshir S. Contractor
journals/crossroads/Schaffer11;Ethan Schaffer
journals/crossroads/Trevathan05;Jarrod Trevathan
journals/crossroads/Finkelstein07;Daniel Alex Finkelstein
journals/crossroads/Bernstein10a;Michael S. Bernstein
journals/crossroads/Kissel05;Zachary A. Kissel
journals/crossroads/Deverett13a;Ben Deverett
journals/crossroads/PeckS11a;Evan Peck
journals/crossroads/PeckS11a;Erin Treacy Solovey
journals/crossroads/Harrison11;Chris Harrison
journals/crossroads/Stanier10;James Stanier
journals/crossroads/SilbermanIR10;M. Six Silberman
journals/crossroads/SilbermanIR10;Lilly Irani
journals/crossroads/SilbermanIR10;Joel Ross
journals/crossroads/HarrisonH09;Chris Harrison
journals/crossroads/HarrisonH09;Scott E. Hudson
journals/crossroads/Sengupta13;Debarka Sengupta
journals/crossroads/Syed08;Salik Syed
journals/crossroads/Oliver05;K. E. Oliver
journals/crossroads/Parameswaran12;Aditya G. Parameswaran
journals/crossroads/Ella08;William Ella
journals/crossroads/Labib04;Khaled Labib
journals/crossroads/Zaverucha07;Gregory M. Zaverucha
journals/crossroads/KinnairdT12;Peter Kinnaird
journals/crossroads/KinnairdT12;Inbal Talgam-Cohen
journals/crossroads/Deverett11;Ben Deverett
journals/crossroads/Bain13;Connor Bain
journals/crossroads/Giannikas10;Vaggelis Giannikas
journals/crossroads/Hobson13;Dominic Hobson
journals/crossroads/Mitropoulos12;Dimitris Mitropoulos
journals/crossroads/Fu00;Kevin Fu
journals/crossroads/Ko09;Ryan K. L. Ko
journals/crossroads/JordanBS06;Chris Jordan
journals/crossroads/JordanBS06;Oliver Baltzer
journals/crossroads/JordanBS06;Sean Smith
journals/crossroads/Stevenson04a;William Stevenson
journals/crossroads/Newman13;Gregory A. Newman
journals/crossroads/DowS13;Steven Dow
journals/crossroads/DowS13;Burr Settles
journals/crossroads/Cohen11;Sarah Cohen
journals/crossroads/PeckCGGLSWJ10;Evan Peck
journals/crossroads/PeckCGGLSWJ10;Krysta Chauncey
journals/crossroads/PeckCGGLSWJ10;Audrey Girouard
journals/crossroads/PeckCGGLSWJ10;Rebecca Gulotta
journals/crossroads/PeckCGGLSWJ10;Francine Lalooses
journals/crossroads/PeckCGGLSWJ10;Erin Treacy Solovey
journals/crossroads/PeckCGGLSWJ10;Douglas Weaver
journals/crossroads/PeckCGGLSWJ10;Robert J. K. Jacob
journals/crossroads/Thibodeau10;Jason Thibodeau
journals/crossroads/Gooch11;Daniel Gooch
journals/crossroads/Ullman12;Jeffrey D. Ullman
journals/crossroads/Bhattacharyya12;Malay Bhattacharyya
journals/crossroads/St-Cyr02;Olivier St-Cyr
journals/crossroads/CidonL12;Asaf Cidon
journals/crossroads/CidonL12;Tomer London
journals/crossroads/EvansT13;Maire Byrne Evans
journals/crossroads/EvansT13;Christine Task
journals/crossroads/GeorgasDT06;John C. Georgas
journals/crossroads/GeorgasDT06;Eric M. Dashofy
journals/crossroads/GeorgasDT06;Richard N. Taylor
journals/crossroads/Nathan13;Viswam Nathan
journals/crossroads/Saha00;Subhasis Saha
journals/crossroads/Deverett12a;Ben Deverett
journals/crossroads/Fallah14;Yaser P. Fallah
journals/crossroads/KinnairdT13;Peter Kinnaird
journals/crossroads/KinnairdT13;Inbal Talgam-Cohen
journals/crossroads/Kola12;Jonathan Kola
journals/crossroads/Chiu10;David Chiu
journals/crossroads/LiDF09;Ian Li
journals/crossroads/LiDF09;Anind K. Dey
journals/crossroads/LiDF09;Jodi Forlizzi
journals/crossroads/Zitnik14;Marinka Zitnik
journals/crossroads/HagiyaTK10;Masami Hagiya
journals/crossroads/HagiyaTK10;Fumiaki Tanaka
journals/crossroads/HagiyaTK10;Ibuki Kawamata
journals/crossroads/Frew14;Eric W. Frew
journals/crossroads/Fiesler13;Casey Fiesler
journals/crossroads/Huq12;Arefin Huq
journals/crossroads/Myles05;Ginger Myles
journals/crossroads/Giannikas11b;Vaggelis Giannikas
journals/crossroads/YangS12;Edward Z. Yang
journals/crossroads/YangS12;Robert J. Simmons
journals/crossroads/ChengP05;Ching Kang Cheng
journals/crossroads/ChengP05;Xiaoshan Pan
journals/crossroads/ScoicaB14;Adrian Scoica
journals/crossroads/ScoicaB14;Daniel Bauer
journals/crossroads/SawantHCC09;Amit P. Sawant
journals/crossroads/SawantHCC09;Christopher G. Healey
journals/crossroads/SawantHCC09;Dongfeng Chen
journals/crossroads/SawantHCC09;Rada Chirkova
journals/crossroads/Scoica14a;Adrian Scoica
journals/crossroads/Kuusisto14;Finn Kuusisto
journals/crossroads/Causley12;Broderick Causley
journals/crossroads/BorghiDD06;Alexandre Borghi
journals/crossroads/BorghiDD06;Valentin David
journals/crossroads/BorghiDD06;Akim Demaille
journals/crossroads/Christophory06a;Audrey Christophory
journals/crossroads/Ritchie09;Anna Ritchie
journals/crossroads/RoyceN03;Thomas E. Royce
journals/crossroads/RoyceN03;Rance Necaise
journals/crossroads/Valova07;Iren Valova
journals/crossroads/Balaji13;V. Balaji
journals/crossroads/Stroube03;Bryan Stroube
journals/crossroads/Friedman12;Jonathan Friedman
journals/crossroads/Cook13;Michael Cook
journals/crossroads/Yarosh11;Svetlana Yarosh
journals/crossroads/Trevisan12;Luca Trevisan
journals/crossroads/CronNP12;Andrew Cron
journals/crossroads/CronNP12;Huy L. Nguyen
journals/crossroads/CronNP12;Aditya G. Parameswaran
journals/crossroads/Scoica14b;Adrian Scoica
journals/crossroads/Wilson00a;Jack Wilson
journals/crossroads/Stanier10a;James Stanier
journals/crossroads/Stanier10c;James Stanier
journals/crossroads/Scoica13;Adrian Scoica
journals/crossroads/Tyrrell00;Sebastian Tyrrell
journals/crossroads/Solomon08;Justin Solomon
journals/crossroads/YuS11;Harlan Yu
journals/crossroads/YuS11;Stephen Schultze
journals/crossroads/CidonL12a;Asaf Cidon
journals/crossroads/CidonL12a;Tomer London
journals/crossroads/Kalwar13;Santosh Kumar Kalwar
journals/crossroads/Lizandra00;M. Carmen Juan Lizandra
journals/crossroads/FeliceY14;Mariano Felice
journals/crossroads/FeliceY14;Zheng Yuan
journals/crossroads/Aboukhalil11;Robert Aboukhalil
journals/crossroads/HalprinN10;Ran Halprin
journals/crossroads/HalprinN10;Moni Naor
journals/crossroads/BaudischH10;Patrick Baudisch
journals/crossroads/BaudischH10;Christian Holz
journals/crossroads/Gooch11b;Daniel Gooch
journals/crossroads/Gooch10a;Daniel Gooch
journals/crossroads/Deverett12b;Ben Deverett
journals/crossroads/Pentikousis03;Kostas Pentikousis
journals/crossroads/Bick06;Alexander Bick
journals/crossroads/Stevenson04b;William Stevenson
journals/crossroads/TanMS10;Desney S. Tan
journals/crossroads/TanMS10;Dan Morris
journals/crossroads/TanMS10;T. Scott Saponas
journals/crossroads/Stanier10b;James Stanier
journals/crossroads/Dyer10;Jason Dyer
journals/crossroads/Perry00;Lynellen D. S. Perry
journals/crossroads/KleinD14;Freada Kapor Klein
journals/crossroads/KleinD14;Ana Díaz-Hernández
journals/crossroads/Stewart06;James Stewart
journals/crossroads/Lanman04;Jeremy T. Lanman
journals/crossroads/Gooch10b;Daniel Gooch
journals/crossroads/Stroubee06;Bryan Stroubeé
journals/crossroads/Galiano00;Fernando Berzal Galiano
journals/crossroads/DuttaS14;Aveek Dutta
journals/crossroads/DuttaS14;Dola Saha
journals/crossroads/Stanier11;James Stanier
journals/crossroads/Ipeirotis10;Panagiotis G. Ipeirotis
journals/crossroads/Stewart07;James Stewart
journals/crossroads/Hsieh09;Gary Hsieh
journals/crossroads/Rosen13;Lea Rosen
journals/crossroads/Stefan07;Deian Stefan
journals/crossroads/Bhattacharya14;Arka Bhattacharya
journals/crossroads/ThornquistKR13;Heidi Thornquist
journals/crossroads/ThornquistKR13;Eric R. Keiter
journals/crossroads/ThornquistKR13;Sivasankaran Rajamanickam
journals/crossroads/LetendreKT11;Steven Letendre
journals/crossroads/LetendreKT11;Willet Kempton
journals/crossroads/LetendreKT11;Jasna Tomic
journals/crossroads/DillahuntM11;Tawanna Dillahunt
journals/crossroads/DillahuntM11;Jennifer Mankoff
journals/crossroads/SuryanarayanaDET06;Girish Suryanarayana
journals/crossroads/SuryanarayanaDET06;Mamadou H. Diallo
journals/crossroads/SuryanarayanaDET06;Justin R. Erenkrantz
journals/crossroads/SuryanarayanaDET06;Richard N. Taylor
journals/crossroads/Simmons11;Robert J. Simmons
journals/crossroads/GilG04;Ana Belén Gil
journals/crossroads/GilG04;Francisco García
journals/crossroads/Pillai05;Premshree Pillai
journals/crossroads/Bittau04;Andrea Bittau
journals/crossroads/Ritchey13;Philip C. Ritchey
journals/crossroads/Cohen05;Mark A. Cohen
journals/crossroads/MachanavajjhalaR12;Ashwin Machanavajjhala
journals/crossroads/MachanavajjhalaR12;Jerome P. Reiter
journals/crossroads/Baccichet12;Pierpaolo Baccichet
journals/crossroads/Scheirer00;Eric D. Scheirer
journals/crossroads/Camargo09;Caio Camargo
journals/crossroads/Wilson00;Jack Wilson
journals/crossroads/NaveH13;Gidi Nave
journals/crossroads/NaveH13;Arefin Huq
journals/crossroads/SpinaA13;Gabriele Spina
journals/crossroads/SpinaA13;Oliver Amft
journals/crossroads/Maxim06;Mike Maxim
journals/crossroads/Kalleberg06;Karl Trygve Kalleberg
journals/crossroads/BoninoR12;Dario Bonino
journals/crossroads/BoninoR12;Luigi De Russis
journals/crossroads/Montanez11;Luigi Montanez
journals/crossroads/Froehlich11;Jon Froehlich
journals/crossroads/BergAL14;Tobias Berg
journals/crossroads/BergAL14;Rebecca Apel
journals/crossroads/BergAL14;Carmen Leicht-Scholten
journals/crossroads/GaoC07;Gang Gao
journals/crossroads/GaoC07;Paul Cockshott
journals/crossroads/Tucker00;Matt Tucker
journals/crossroads/Salomon00;David Salomon
journals/crossroads/CrandallO12;Angela Crandall
journals/crossroads/CrandallO12;Rhoda Omenya
journals/crossroads/Sturges11;Dan Sturges
journals/crossroads/MobahiK05;Hossein Mobahi
journals/crossroads/MobahiK05;Karrie G. Karahalios
journals/crossroads/Waite14;Matt Waite
journals/crossroads/LisonM14;Pierre Lison
journals/crossroads/LisonM14;Raveesh Meena
journals/crossroads/Bergmair08;Richard Bergmair
journals/crossroads/MilosevicMJ13;Mladen Milosevic
journals/crossroads/MilosevicMJ13;Aleksandar Milenkovic
journals/crossroads/MilosevicMJ13;Emil Jovanov
journals/crossroads/Kuusisto12a;Finn Kuusisto
journals/crossroads/Langford12;John Langford
journals/crossroads/Patterson07;Kate Patterson
journals/crossroads/Lewis06;Daniel Lewis
journals/crossroads/RodgersBW11;Johnny Rodgers
journals/crossroads/RodgersBW11;Lyn Bartram
journals/crossroads/RodgersBW11;Rob Woodbury
journals/crossroads/Thomas08;Craig Thomas
journals/crossroads/Stanier11d;James Stanier
journals/crossroads/Liechtenstein06;Frank Liechtenstein
journals/crossroads/Bonanni11;Leo Bonanni
journals/crossroads/JunS14;Bong-Huan Jun
journals/crossroads/JunS14;Hyungwon Shim
journals/crossroads/Beach14;Jesse Beach
journals/crossroads/Kurtenbach10;Gordon Kurtenbach
journals/crossroads/Patel14b;Jay Patel
journals/crossroads/Giannikas14;Vaggelis Giannikas
journals/crossroads/Stevenson05;William Stevenson
journals/crossroads/Norman02;Donald A. Norman
journals/crossroads/WeihlTCMKR11;Bill Weihl
journals/crossroads/WeihlTCMKR11;Erik Teetzel
journals/crossroads/WeihlTCMKR11;Jimmy Clidaras
journals/crossroads/WeihlTCMKR11;Chris Malone
journals/crossroads/WeihlTCMKR11;Joe Kava
journals/crossroads/WeihlTCMKR11;Michael Ryan
journals/crossroads/Scaffidi06;Christopher Scaffidi
journals/crossroads/Simmons12;Robert J. Simmons
journals/crossroads/Rouchka06;Eric C. Rouchka
journals/crossroads/Chiu08;David Chiu
journals/crossroads/Chiu10a;David Chiu
journals/crossroads/Angulo06a;David Sigfredo Angulo
journals/crossroads/Mitzenmacher10;Michael Mitzenmacher
journals/crossroads/Patel14;Jay Patel
journals/crossroads/Kinnaird11a;Peter Kinnaird
journals/crossroads/Horswill12;Ian Horswill
journals/crossroads/Zuba13;Michael Zuba
journals/crossroads/Stewart07a;James Stewart
journals/crossroads/Reddy04;Saveen Reddy
journals/crossroads/Sandoval08;Leslie Sandoval
journals/crossroads/Simpson14;Olivia Simpson
journals/crossroads/Juve10;Gideon Juve
journals/crossroads/GleniP04;Sofia Gleni
journals/crossroads/GleniP04;Panagiotis Petratos
journals/crossroads/Gleich13;David Gleich
journals/crossroads/Harrison12;Chris Harrison
journals/crossroads/Camargo06a;Caio Camargo
journals/crossroads/Canos00;José Hilario Canós Cerdá
journals/crossroads/Holmes11;Tiffany Holmes
journals/crossroads/Liechtenstein07;Frank Liechtenstein
journals/crossroads/FeizyWC09;Roya Feizy
journals/crossroads/FeizyWC09;Ian Wakeman
journals/crossroads/FeizyWC09;Dan Chalmers
journals/crossroads/Bergmair04;Richard Bergmair
journals/crossroads/Stevenson04;William Stevenson
journals/crossroads/McCoyDW03;Aaron McCoy
journals/crossroads/McCoyDW03;Declan Delaney
journals/crossroads/McCoyDW03;Tomás Ward
journals/crossroads/Pop12;Christina Pop
journals/crossroads/Ferdowsi11;Zahra Ferdowsi
journals/crossroads/FineWC14;Eve Fine
journals/crossroads/FineWC14;Amy Wendt
journals/crossroads/FineWC14;Molly Carnes
journals/crossroads/MurthyG12;Raghotham Murthy
journals/crossroads/MurthyG12;Rajat Goel
journals/crossroads/Shasha12;Dennis Shasha
journals/crossroads/DewarA09;Robert Dewar
journals/crossroads/DewarA09;Owen L. Astrachan
journals/crossroads/Dey14;Somdip Dey
journals/crossroads/Nurmikko-Fuller14;Terhi Nurmikko-Fuller
journals/crossroads/Giannikas11c;Vaggelis Giannikas
journals/crossroads/Liechtenstein07a;Frank Liechtenstein
journals/crossroads/Wright04;Thomas Wright
journals/crossroads/Kelly11;Ryan Kelly
journals/crossroads/Solomon07;Justin Solomon
journals/crossroads/Chourasia07;Amit Chourasia
journals/crossroads/Giannikas12;Vaggelis Giannikas
journals/crossroads/BhattacharyyaG11;Malay Bhattacharyya
journals/crossroads/BhattacharyyaG11;Vaggelis Giannikas
journals/crossroads/JuveD10;Gideon Juve
journals/crossroads/JuveD10;Ewa Deelman
journals/crossroads/Manzoor08;Shahriar Manzoor
journals/crossroads/Perron02;Marc Perron
journals/crossroads/Harrison09;Chris Harrison
journals/crossroads/Yardi09;Sarita Yardi
journals/crossroads/Simmons11a;Robert J. Simmons
journals/crossroads/Lopes14;Pedro Lopes
journals/crossroads/ZhangW03;Yanru Zhang
journals/crossroads/ZhangW03;Michael Weiss
journals/crossroads/Simmons11b;Robert J. Simmons
journals/crossroads/Solomon07a;Justin Solomon
journals/crossroads/Sakkis04;George Sakkis
journals/crossroads/RichterM12;Wolfgang Richter
journals/crossroads/RichterM12;Dimitris Mitropoulos
journals/crossroads/McCoyDW05;Aaron McCoy
journals/crossroads/McCoyDW05;Declan Delaney
journals/crossroads/McCoyDW05;Tomás Ward
journals/crossroads/Stevenson03;William Stevenson
journals/crossroads/Zitnik12;Marinka Zitnik
journals/crossroads/Giannikas11;Vaggelis Giannikas
journals/crossroads/Rubinfeld12;Ronitt Rubinfeld
journals/crossroads/Ronaghi14;Farnaz Ronaghi
journals/crossroads/Batenkov11b;Dmitry Batenkov
journals/crossroads/Obrenovic14;Zeljko Obrenovic
journals/crossroads/Karakoidas14;Vassilios Karakoidas
journals/crossroads/Richter13;Wolfgang Richter
journals/crossroads/Giannikas11a;Vaggelis Giannikas
journals/crossroads/Bach07;Paula Bach
journals/crossroads/Stanier11c;James Stanier
journals/crossroads/Hartley09;Tronster Hartley
journals/crossroads/TrevathanR06;Jarrod Trevathan
journals/crossroads/TrevathanR06;Wayne Read
journals/crossroads/Zuba13a;Michael Zuba
journals/crossroads/Grande13;Virginia Grande
journals/crossroads/Patel02;Parveen Patel
journals/crossroads/Hofstadter04;Douglas Hofstadter
journals/crossroads/Goldberg09;Daniel W. Goldberg
journals/crossroads/JordaJG10;Sergi Jordà
journals/crossroads/JordaJG10;Carles Fernandes Julià
journals/crossroads/JordaJG10;Daniel Gallardo
journals/crossroads/Delman14;Scott Delman
journals/crossroads/Christophory06;Audrey Christophory
journals/crossroads/Rosen10;Guy Rosen
journals/crossroads/Prakash12;B. Aditya Prakash
journals/crossroads/Jordan07a;Chris Jordan
journals/crossroads/GitauS12;Shikoh Gitau
journals/crossroads/GitauS12;Nithya Sambasivan
journals/crossroads/MarshallTK13;Paul Marshall
journals/crossroads/MarshallTK13;Henry M. Tufo
journals/crossroads/MarshallTK13;Kate Keahey
journals/crossroads/WoldtFM14;Wayne Woldt
journals/crossroads/WoldtFM14;Eric W. Frew
journals/crossroads/WoldtFM14;George Meyer
journals/crossroads/Yang14;Jean Yang
journals/crossroads/Bernsen07;Niels Ole Bernsen
journals/crossroads/Gooch12a;Daniel Gooch
journals/crossroads/Grasso03;Michael A. Grasso
journals/crossroads/StirlingA03;David Stirling
journals/crossroads/StirlingA03;Firas Al-Ali
journals/crossroads/BrierleyA07;Claire Brierley
journals/crossroads/BrierleyA07;Eric Atwell
journals/crossroads/desJardins08;Marie desJardins
journals/crossroads/Zhao11;Guopeng Zhao
journals/crossroads/ScoicaB13;Adrian Scoica
journals/crossroads/ScoicaB13;Arthur S. Bland
journals/crossroads/Deverett12c;Ben Deverett
journals/crossroads/Lemire10;Daniel Lemire
journals/crossroads/Ko10;Ryan K. L. Ko
journals/crossroads/Deverett12;Ben Deverett
journals/crossroads/Mellor-CrummeyGH10;John M. Mellor-Crummey
journals/crossroads/Mellor-CrummeyGH10;William Gropp
journals/crossroads/Mellor-CrummeyGH10;Maurice Herlihy
journals/crossroads/Gooch12b;Daniel Gooch
journals/crossroads/Gooch13;Daniel Gooch
journals/crossroads/Camargo06;Caio Camargo
journals/crossroads/Huq12a;Arefin Huq
journals/crossroads/Zhang10;Nelson Zhang
journals/crossroads/ChoiV13;JeeWhan Choi
journals/crossroads/ChoiV13;Richard W. Vuduc
journals/crossroads/Pfeifer08;Craig Pfeifer
journals/crossroads/Younos12;Arjumand Younos
journals/crossroads/Kuusisto13b;Finn Kuusisto
journals/crossroads/Delman13;Scott E. Delman
journals/crossroads/Lee10;Johnny Chung Lee
journals/crossroads/Solomon07b;Justin Solomon
journals/crossroads/Mahdian11;Mohammad Mahdian
journals/crossroads/RiedyB13;E. Jason Riedy
journals/crossroads/RiedyB13;David A. Bader
journals/crossroads/Stanier11b;James Stanier
journals/crossroads/StrohrmannT13;Christina Strohrmann
journals/crossroads/StrohrmannT13;Gerhard Tröster
journals/crossroads/Solomon09a;Justin Solomon
journals/crossroads/Allison11;Brendan Z. Allison
journals/crossroads/Nave13;Gidi Nave
journals/crossroads/Papanikolaou05;Nick Papanikolaou
journals/crossroads/Zuba14a;Michael Zuba
journals/crossroads/DenaultK07;Alexandre Denault
journals/crossroads/DenaultK07;Jörg Kienzle
journals/crossroads/Barreto14;Tomas Barreto
journals/crossroads/LaskeyK11;Alex Laskey
journals/crossroads/LaskeyK11;Ogi Kavazovic
journals/crossroads/Liang14;Percy Liang
journals/crossroads/Simpson13;Olivia Simpson
journals/crossroads/Chan12;Cliburn Chan
journals/crossroads/Solomon09;Justin Solomon
journals/crossroads/Carson14;Erin Carson
journals/crossroads/Task13;Christine Task
journals/crossroads/Juve11;Gideon Juve
journals/crossroads/Zuba14;Michael Zuba
journals/crossroads/Talgam-CohenK13;Inbal Talgam-Cohen
journals/crossroads/Talgam-CohenK13;Peter Kinnaird
journals/crossroads/Filimon04;Stephany Filimon
journals/crossroads/Harrison11d;Chris Harrison
journals/crossroads/Garai12;Atanu Garai
journals/crossroads/Batenkov10;Dmitry Batenkov
journals/crossroads/Woo14;Grace Woo
journals/crossroads/Miller14;Omoju Miller
journals/crossroads/Kuusisto13;Finn Kuusisto
journals/crossroads/SayagoSGAL07;Sergio Sayago
journals/crossroads/SayagoSGAL07;Patricia Santos
journals/crossroads/SayagoSGAL07;Maite Gonzalez
journals/crossroads/SayagoSGAL07;Míriam Arenas
journals/crossroads/SayagoSGAL07;Laura López
journals/crossroads/Gollub07;Rachel Gollub
journals/crossroads/SadikovM12;Eldar Sadikov
journals/crossroads/SadikovM12;Montserrat Medina
journals/crossroads/Venkatasubramanian13;Suresh Venkatasubramanian
journals/crossroads/Winbladh04;Kristina Winbladh
journals/crossroads/Thomas03;Craig Thomas
journals/crossroads/Dideles03;Myra Dideles
journals/crossroads/Bach06;Paula M. Bach
journals/crossroads/Myles04;Ginger Myles
journals/crossroads/FollmerT14;Sean Follmer
journals/crossroads/FollmerT14;Inbal Talgam-Cohen
journals/crossroads/Diga12;Kathleen Diga
journals/crossroads/Coy13;Stephen Coy
journals/crossroads/KnightP13;Nick Knight
journals/crossroads/KnightP13;Jack Poulson
journals/crossroads/HyltonRCG05;Kayre Hylton
journals/crossroads/HyltonRCG05;Mary Beth Rosson
journals/crossroads/HyltonRCG05;John M. Carroll
journals/crossroads/HyltonRCG05;Craig H. Ganoe
journals/crossroads/Goldberg09a;Daniel W. Goldberg
journals/crossroads/Moshkovitz12;Dana Moshkovitz
journals/crossroads/Arif13;Mohammad Arif
journals/crossroads/Kim05;Kibum Kim
journals/crossroads/AlamIM03;Sadaf Alam
journals/crossroads/AlamIM03;Roland N. Ibbett
journals/crossroads/AlamIM03;Frédéric Mallet
journals/crossroads/Giannikas13;Vaggelis Giannikas
journals/crossroads/Giannikas12a;Vaggelis Giannikas
journals/crossroads/BauerR14;Daniel Bauer
journals/crossroads/BauerR14;Billy Rathje
journals/crossroads/Chin02;Robert Chin
journals/crossroads/Zitnik13;Marinka Zitnik
journals/crossroads/KindySUJ00;Jeremy Kindy
journals/crossroads/KindySUJ00;John Shuping
journals/crossroads/KindySUJ00;Patricia Yali Underhill
journals/crossroads/KindySUJ00;David John
journals/crossroads/ReinaJLP11;Amelio Vázquez Reina
journals/crossroads/ReinaJLP11;Won-Ki Jeong
journals/crossroads/ReinaJLP11;Jeff Lichtman
journals/crossroads/ReinaJLP11;Hanspeter Pfister
journals/crossroads/Batenkov11a;Dmitry Batenkov
journals/crossroads/Wiese10;Jason Wiese
journals/crossroads/Bernstein10;Michael S. Bernstein
journals/crossroads/Kuusisto12b;Finn Kuusisto
journals/crossroads/DeHart08;Ed DeHart
journals/crossroads/MahmoudAJ12;Qusay H. Mahmoud
journals/crossroads/MahmoudAJ12;May AlTaei
journals/crossroads/MahmoudAJ12;Leon Jololian
journals/crossroads/Goldreich12;Oded Goldreich
journals/crossroads/Kechagia14;Maria Kechagia
journals/crossroads/Maxim00;Mike Maxim
journals/crossroads/Guo06;Jerry Guo
journals/crossroads/CatanzaroK10;Bryan C. Catanzaro
journals/crossroads/CatanzaroK10;Kurt Keutzer
journals/crossroads/Guo06a;Jerry Guo
journals/crossroads/Tauberer11;Joshua Tauberer
journals/crossroads/Kuusisto13a;Finn Kuusisto
journals/crossroads/NarayanH10;Sumit Narayan
journals/crossroads/NarayanH10;Chris Heiden
journals/crossroads/Stallings04;William Stallings
journals/crossroads/GadaGRDMSA04;Dhaval Gada
journals/crossroads/GadaGRDMSA04;Rajat Gogri
journals/crossroads/GadaGRDMSA04;Punit Rathod
journals/crossroads/GadaGRDMSA04;Zalak Dedhia
journals/crossroads/GadaGRDMSA04;Nirali Mody
journals/crossroads/GadaGRDMSA04;Sugata Sanyal
journals/crossroads/GadaGRDMSA04;Ajith Abraham
journals/crossroads/ConstantinescuP02;Zoran Constantinescu
journals/crossroads/ConstantinescuP02;Pavel Petrovic
journals/crossroads/Mayer13;Jonathan Mayer
journals/crossroads/Gooch12c;Daniel Gooch
journals/crossroads/Harrison10a;Chris Harrison
journals/crossroads/Madnani07;Nitin Madnani
journals/crossroads/Aufrichtig14;Aliza Aufrichtig
journals/crossroads/Amraii07;Saman Amirpour Amraii
journals/crossroads/Giannikas12b;Vaggelis Giannikas
journals/crossroads/Quammen05;Cory Quammen
journals/crossroads/Anderson10;David P. Anderson
journals/crossroads/Cohen04;Mark A. Cohen
journals/crossroads/MarshallWM06;Damien Marshall
journals/crossroads/MarshallWM06;Tomás Ward
journals/crossroads/MarshallWM06;Séamus McLoone
journals/crossroads/Finkelstein07a;Daniel Alex Finkelstein
journals/crossroads/Drimer12;Saar Drimer
journals/crossroads/Palfinger07;Gunther Palfinger
journals/crossroads/Gooch11c;Daniel Gooch
journals/crossroads/Gupta04;Diwaker Gupta
journals/crossroads/PeckS11;Evan Peck
journals/crossroads/PeckS11;Erin Treacy Solovey
journals/crossroads/PoetCEH10;Jeffrey L. Poet
journals/crossroads/PoetCEH10;A. Malcolm Campbell
journals/crossroads/PoetCEH10;Todd T. Eckdahl
journals/crossroads/PoetCEH10;Laurie J. Heyer
journals/crossroads/Gross05;Joshua B. Gross
journals/crossroads/Jordan07;Chris Jordan
journals/crossroads/Batenkov11;Dmitry Batenkov
journals/crossroads/Datzov06;Nick Datzov
journals/crossroads/KayMROR12;Matthew Kay
journals/crossroads/KayMROR12;Dimitris Mitropoulos
journals/crossroads/KayMROR12;Wolfgang Richter
journals/crossroads/KayMROR12;Lora Oehlberg
journals/crossroads/KayMROR12;Lea Rosen
journals/crossroads/Doyle07;Jonathan Doyle
journals/crossroads/Shamow02;Eric J. Shamow
journals/crossroads/Ballard06;Grey Ballard
journals/crossroads/Lee08;Joonghoon Lee
journals/crossroads/Gooch10;Daniel Gooch
journals/crossroads/Harrison11c;Chris Harrison
journals/crossroads/JeongM14;Sarah Jeong
journals/crossroads/JeongM14;Colin McSwiggen
journals/crossroads/HeerK12;Jeffrey Heer
journals/crossroads/HeerK12;Sean Kandel
journals/crossroads/Simmons10;Robert J. Simmons
journals/crossroads/VishakhUNS05;Vishakh
journals/crossroads/VishakhUNS05;Nicholas Urrea
journals/crossroads/VishakhUNS05;Tadashi Nakano
journals/crossroads/VishakhUNS05;Tatsuya Suda
journals/crossroads/Gooch12;Daniel Gooch
journals/crossroads/Kelly12;Ryan Kelly
journals/crossroads/Stevenson05a;William Stevenson
journals/crossroads/Might10;Matt Might
journals/crossroads/Weisheit04;Tracey Lynn Weisheit
journals/crossroads/Farooq05;Umer Farooq
journals/crossroads/Dittus12;Martin Dittus
journals/crossroads/Gkoulalas-DivanisV09;Aris Gkoulalas-Divanis
journals/crossroads/Gkoulalas-DivanisV09;Vassilios S. Verykios
journals/crossroads/SinghB07;Deepti Singh
journals/crossroads/SinghB07;Frank Boland
journals/crossroads/Scoica13b;Adrian Scoica
journals/crossroads/Bartindale10;Tom Bartindale
journals/crossroads/Harrison10;Chris Harrison
journals/crossroads/Voyiatzis05;Artemios G. Voyiatzis
journals/crossroads/Bhattacharyya09;Malay Bhattacharyya
journals/crossroads/MoWZ14;Haining Mo
journals/crossroads/MoWZ14;Neeti Sharad Wagle
journals/crossroads/MoWZ14;Michael Zuba
journals/crossroads/Bourne13;Iain Bourne
journals/crossroads/Narayan09;Sumit Narayan
journals/crossroads/GiannikasD11;Vaggelis Giannikas
journals/crossroads/GiannikasD11;Ben Deverett
journals/crossroads/Hammond13;Jeff R. Hammond
journals/crossroads/Kristensson14;Per Ola Kristensson
journals/crossroads/NguyenNS05;Anh Nguyen
journals/crossroads/NguyenNS05;Tadashi Nakano
journals/crossroads/NguyenNS05;Tatsuya Suda
journals/crossroads/Kuusisto12;Finn Kuusisto
journals/crossroads/Laserson11;Jonathan Laserson
journals/crossroads/Shvartzshnaider14;Yan Shvartzshnaider
journals/crossroads/MackeyE13;Elaine Mackey
journals/crossroads/MackeyE13;Mark Elliot
journals/crossroads/Nelson12;Jelani Nelson
journals/crossroads/Immorlica11;Nicole Immorlica
journals/crossroads/Solomon08c;Justin Solomon
journals/crossroads/KinnairdT13a;Peter Kinnaird
journals/crossroads/KinnairdT13a;Inbal Talgam-Cohen
journals/crossroads/Birkbak13;Andreas Birkbak
journals/crossroads/Harrison11a;Mark Harrison
journals/crossroads/Stanier11a;James Stanier
journals/crossroads/KontonatsiosS14;Georgios Kontonatsios
journals/crossroads/KontonatsiosS14;Matt Shardlow
journals/crossroads/Bhambhri12;Anjul Bhambhri
journals/crossroads/Henry06;Kevin Henry
journals/crossroads/BernsteinT10;Michael S. Bernstein
journals/crossroads/BernsteinT10;Inbal Talgam-Cohen
journals/crossroads/Birch13;David Birch
journals/crossroads/Jackson13;Dean Jackson
journals/crossroads/Batenkov10a;Dmitry Batenkov
journals/crossroads/Adelsberger13;Rolf Adelsberger
journals/crossroads/KamauCA12;Mark Kamau
journals/crossroads/KamauCA12;Angela Crandall
journals/crossroads/KamauCA12;Kagonya Awori
journals/crossroads/Mitropoulos13a;Dimitris Mitropoulos
journals/crossroads/Giannikas10a;Vaggelis Giannikas
journals/crossroads/Gooch11a;Daniel Gooch
journals/crossroads/GavishDO13;Matan Gavish
journals/crossroads/GavishDO13;David L. Donoho
journals/crossroads/GavishDO13;Amos Onn
journals/crossroads/HulmeL03;Michael Hulme
journals/crossroads/HulmeL03;Michael E. Locasto
journals/crossroads/Zitnik14a;Marinka Zitnik
journals/crossroads/Scoica13a;Adrian Scoica
journals/crossroads/Khan13;Atif Khan
journals/crossroads/Lifshitz-YadinR14;Liron Lifshitz-Yadin
journals/crossroads/Lifshitz-YadinR14;Daniela Raijman-Aharonov
journals/crossroads/Dyer06;Scott Dyer
journals/crossroads/Harrison10c;Chris Harrison
journals/crossroads/ZhangWLH14;Wenlong Zhang
journals/crossroads/ZhangWLH14;Yi-Hung Wei
journals/crossroads/ZhangWLH14;Quan Leng
journals/crossroads/ZhangWLH14;Song Han
journals/crossroads/Batenkov10b;Dmitry Batenkov
journals/crossroads/Giannikas13a;Vaggelis Giannikas
journals/crossroads/Pentikousis02;Kostas Pentikousis
journals/crossroads/BorkarCL12;Vinayak R. Borkar
journals/crossroads/BorkarCL12;Michael J. Carey
journals/crossroads/BorkarCL12;Chen Li
journals/crossroads/Zitnik12a;Marinka Zitnik
journals/crossroads/GreenG14;Oded Green
journals/crossroads/GreenG14;Yoav Green
journals/crossroads/Talgam-Cohen14;Inbal Talgam-Cohen
journals/crossroads/Oswald13;Marion Oswald
journals/crossroads/Procaccia11;Ariel D. Procaccia
journals/crossroads/ChandramouliM10;Ramaswamy Chandramouli
journals/crossroads/ChandramouliM10;Peter Mell
journals/crossroads/Hegarty08;James Hegarty
journals/crossroads/DimmockM04;Nathan Dimmock
journals/crossroads/DimmockM04;Ian Maddison
journals/crossroads/Solomon08a;Justin Solomon
journals/crossroads/BennettS13;Terrell R. Bennett
journals/crossroads/BennettS13;Julia Seiter
journals/crossroads/Boneh11;Dan Boneh
journals/crossroads/Patterson00;Stuart Patterson
journals/crossroads/Misata13;Kelley Misata
journals/crossroads/Schulz14;Claudia Schulz 0001
journals/crossroads/Gallardo-ValenciaS07;Rosalva E. Gallardo-Valencia
journals/crossroads/Gallardo-ValenciaS07;Susan Elliott Sim
journals/crossroads/Rosenthal14;Sara Rosenthal
journals/crossroads/BachJ06;Paula Bach
journals/crossroads/BachJ06;Chris Jordon
journals/crossroads/Simmons12a;Robert J. Simmons
journals/crossroads/Kuusisto14b;Finn Kuusisto
journals/crossroads/ChengP04;Ching Kang Cheng
journals/crossroads/ChengP04;Xiaoshan Pan
journals/crossroads/Clough09;Steve Clough
journals/crossroads/DiBernardo09;Michael DiBernardo
journals/crossroads/PinskiyMHJBD00;Dmitriy V. Pinskiy
journals/crossroads/PinskiyMHJBD00;Jörg Meyer
journals/crossroads/PinskiyMHJBD00;Bernd Hamann
journals/crossroads/PinskiyMHJBD00;Kenneth I. Joy
journals/crossroads/PinskiyMHJBD00;Eric Brugger
journals/crossroads/PinskiyMHJBD00;Mark A. Duchaineau
journals/crossroads/Nair12;Sumitra Nair
journals/crossroads/Stamm04;Sid Stamm
journals/crossroads/Cukier11;Jérôme Cukier
journals/crossroads/Richeson11;David Richeson
journals/crossroads/Kasthurirathne12;Suranga Nath Kasthurirathne
journals/crossroads/Lee12;Alexa Lee
journals/crossroads/Largent10;David L. Largent
journals/crossroads/MoritzWM05;Elke Moritz
journals/crossroads/MoritzWM05;Thomas Wischgoll
journals/crossroads/MoritzWM05;Jörg Meyer
journals/crossroads/VigfussonC10;Ymir Vigfusson
journals/crossroads/VigfussonC10;Gregory Chockler
journals/crossroads/SawantH07a;Amit P. Sawant
journals/crossroads/SawantH07a;Christopher G. Healey
journals/crossroads/Erete12;Sheena Lewis Erete
journals/crossroads/Harrison10b;Chris Harrison
journals/crossroads/SmithM13;Noah A. Smith
journals/crossroads/SmithM13;André F. T. Martins
journals/crossroads/Stanier12;James Stanier
journals/crossroads/Vadoothker07;Neel Vadoothker
journals/crossroads/Patel14a;Jay Patel
journals/crossroads/Mishra11;Anirvana Mishra
journals/crossroads/Kuusisto14a;Finn Kuusisto
journals/crossroads/HoarP03;Ricardo M. Hoar
journals/crossroads/HoarP03;Joanne K. Penner
journals/crossroads/Zuba12;Michael Zuba
journals/crossroads/Harrow12;Aram Wettroth Harrow
journals/tim/KorolevCLA10;Konstantin A. Korolev
journals/tim/KorolevCLA10;Shu Chen
journals/tim/KorolevCLA10;Zijing Li
journals/tim/KorolevCLA10;Mohammed N. Afsar
journals/tim/BarrosD08;Julio Barros
journals/tim/BarrosD08;Ramon I. Diego
journals/tim/ZhangZCLCYH14;Jie Zhang
journals/tim/ZhangZCLCYH14;Zhousuo Zhang
journals/tim/ZhangZCLCYH14;Wei Cheng
journals/tim/ZhangZCLCYH14;Xiang Li
journals/tim/ZhangZCLCYH14;Binqiang Chen
journals/tim/ZhangZCLCYH14;Zhibo Yang
journals/tim/ZhangZCLCYH14;Zhengjia He
journals/tim/ChoiRRNL09;Youngkil Choi
journals/tim/ChoiRRNL09;Jeongjin Roh
journals/tim/ChoiRRNL09;Hyungdong Roh
journals/tim/ChoiRRNL09;Hyunseok Nam
journals/tim/ChoiRRNL09;Songjun Lee
journals/tim/Alnasser14;Emad Alnasser
journals/tim/TaghiradB98;Hamid D. Taghirad
journals/tim/TaghiradB98;P. R. Bélanger
journals/tim/Shu05;Wei-Qun Shu
journals/tim/WangCCSPF06;Zhaoqing Wang
journals/tim/WangCCSPF06;Bo Chen
journals/tim/WangCCSPF06;Harry H. Cheng
journals/tim/WangCCSPF06;Benjamin D. Shaw
journals/tim/WangCCSPF06;Joe Palen
journals/tim/WangCCSPF06;Ping Feng
journals/tim/RahmanS07;Md. Abdur Rahman
journals/tim/RahmanS07;Abdulmotaleb El-Saddik
journals/tim/HanckeM98;Gerhard P. Hancke
journals/tim/HanckeM98;Ruan Malan
journals/tim/SchoppGMRKM14;Patrick Schopp
journals/tim/SchoppGMRKM14;Hagen Graf
journals/tim/SchoppGMRKM14;Michael Maurer
journals/tim/SchoppGMRKM14;Michailas Romanovas
journals/tim/SchoppGMRKM14;Lasse Klingbeil
journals/tim/SchoppGMRKM14;Yiannos Manoli
journals/tim/TsaiCCC14;Yuan-Pin Tsai
journals/tim/TsaiCCC14;Kun-Long Chen
journals/tim/TsaiCCC14;Yan-Ru Chen
journals/tim/TsaiCCC14;Nanming Chen
journals/tim/FerriGST08;Giuseppe Ferri
journals/tim/FerriGST08;Nicola Carlo Guerrini
journals/tim/FerriGST08;E. Silverii
journals/tim/FerriGST08;A. Tatone
journals/tim/FiorucciBCM12;Edoardo Fiorucci
journals/tim/FiorucciBCM12;Giovanni Bucci
journals/tim/FiorucciBCM12;Ruggero Cattaneo
journals/tim/FiorucciBCM12;Annalisa Monaco
journals/tim/ChangHL15;Lubin Chang
journals/tim/ChangHL15;Baiqing Hu
journals/tim/ChangHL15;Yang Li
journals/tim/YuLLW08;Dongchuan Yu
journals/tim/YuLLW08;Fang Liu
journals/tim/YuLLW08;Pik-Yin Lai
journals/tim/YuLLW08;Aiguo Wu
journals/tim/AffanniST13;Antonio Affanni
journals/tim/AffanniST13;Ruben Specogna
journals/tim/AffanniST13;Francesco Trevisan
journals/tim/SebastiaGISLG12;José Pelegrí Sebastiá
journals/tim/SebastiaGISLG12;Eduardo Garcia-Breijo
journals/tim/SebastiaGISLG12;Javier Ibáñez Civera
journals/tim/SebastiaGISLG12;Tomas Sogorb
journals/tim/SebastiaGISLG12;Nicolás Laguarda-Miro
journals/tim/SebastiaGISLG12;José Garrigues
journals/tim/WuCW14;Shang-Teh Wu
journals/tim/WuCW14;Jing-Ying Chen
journals/tim/WuCW14;Szu-Hsien Wu
journals/tim/ChengO10;Peng Cheng
journals/tim/ChengO10;Bengt Oelmann
journals/tim/Ronk03;Ants Ronk
journals/tim/BatziasS09;Fragiskos A. Batzias
journals/tim/BatziasS09;Christina G. Siontorou
journals/tim/JuttulaKM14;Harri J. Juttula
journals/tim/JuttulaKM14;Timo P. Kananen
journals/tim/JuttulaKM14;Anssi J. Makynen
journals/tim/NuruzzamanBJ06;Abul Nuruzzaman
journals/tim/NuruzzamanBJ06;Ozdal Boyraz
journals/tim/NuruzzamanBJ06;Bahram Jalali
journals/tim/PurscheFWFMH10;Udo Pursche
journals/tim/PurscheFWFMH10;Jens Flucke
journals/tim/PurscheFWFMH10;Andreas Wentzel
journals/tim/PurscheFWFMH10;Stephan Freyer
journals/tim/PurscheFWFMH10;Chafik Meliani
journals/tim/PurscheFWFMH10;Wolfgang Heinrich
journals/tim/MaurisBFH00;Gilles Mauris
journals/tim/MaurisBFH00;Lamia Berrah
journals/tim/MaurisBFH00;Laurent Foulloy
journals/tim/MaurisBFH00;Alain Haurat
journals/tim/PapandreouA05;Nikolaos Papandreou
journals/tim/PapandreouA05;Theodore Antonakopoulos
journals/tim/WanzellerANF04;Miguel Gonçalves Wanzeller
journals/tim/WanzellerANF04;Raimundo Nazareno Cunha Alves
journals/tim/WanzellerANF04;João Viana da Fonseca Neto
journals/tim/WanzellerANF04;Wellington Alex dos Santos Fonseca
journals/tim/HoranW02;Stephen Horan
journals/tim/HoranW02;Ruhai Wang
journals/tim/LiZHFZHLLL11;Zhengkun Li
journals/tim/LiZHFZHLLL11;Zhonghua Zhang
journals/tim/LiZHFZHLLL11;Qing He
journals/tim/LiZHFZHLLL11;Yaqiong Fu
journals/tim/LiZHFZHLLL11;Jianting Zhao
journals/tim/LiZHFZHLLL11;Bing Han
journals/tim/LiZHFZHLLL11;Shisong Li
journals/tim/LiZHFZHLLL11;Jiang Lan
journals/tim/LiZHFZHLLL11;Chen Li
journals/tim/DaponteGM02;Pasquale Daponte
journals/tim/DaponteGM02;Domenico Grimaldi
journals/tim/DaponteGM02;Mihail Marinov
journals/tim/HanJ10;Jiho Han
journals/tim/HanJ10;Deog-Kyoon Jeong
journals/tim/KaramalisKC09;Panagiotis D. Karamalis
journals/tim/KaramalisKC09;Athanasios G. Kanatas
journals/tim/KaramalisKC09;Philip Constantinou
journals/tim/Oven14;Robert Oven
journals/tim/ElmquistJJ01;Randolph E. Elmquist
journals/tim/ElmquistJJ01;Anne-Marie Jeffery
journals/tim/ElmquistJJ01;Dean G. Jarrett
journals/tim/KavanaghM98;Richard C. Kavanagh
journals/tim/KavanaghM98;John M. D. Murphy
journals/tim/KargelPTI04;Christian Kargel
journals/tim/KargelPTI04;Gernot Plevnik
journals/tim/KargelPTI04;Birgit Trummer
journals/tim/KargelPTI04;Michael F. Insana
journals/tim/Paulter98;Nicholas G. Paulter
journals/tim/PalmeseT09a;Maria Palmese
journals/tim/PalmeseT09a;Andrea Trucco
journals/tim/Barford11;Lee Barford
journals/tim/OsmokrovicLS06;Predrag Osmokrovic
journals/tim/OsmokrovicLS06;Boris Loncar
journals/tim/OsmokrovicLS06;Srboljub Stankovic
journals/tim/RietveldCB09;Gert Rietveld
journals/tim/RietveldCB09;Pieter de la Court
journals/tim/RietveldCB09;Helko E. van den Brom
journals/tim/BehrNK01;Ralf Behr
journals/tim/BehrNK01;Jürgen Niemeyer
journals/tim/BehrNK01;Alexander S. Katkov
journals/tim/MinPRAP07;Mart Min
journals/tim/MinPRAP07;Toomas Parve
journals/tim/MinPRAP07;Ants Ronk
journals/tim/MinPRAP07;Paul Annus
journals/tim/MinPRAP07;Toivo Paavle
journals/tim/NemethVK00;József G. Nemeth
journals/tim/NemethVK00;Balázs Vargha
journals/tim/NemethVK00;István Kollár
journals/tim/TadicG00;Niksa Tadic
journals/tim/TadicG00;Desa Gobovic
journals/tim/BlechLHGMPE10;Marcel D. Blech
journals/tim/BlechLHGMPE10;Martin M. Leibfritz
journals/tim/BlechLHGMPE10;Raphael Hellinger
journals/tim/BlechLHGMPE10;Daniel Geier
journals/tim/BlechLHGMPE10;Florian A. Maier
journals/tim/BlechLHGMPE10;Andreas M. Pietsch
journals/tim/BlechLHGMPE10;Thomas F. Eibert
journals/tim/SliwczynskiKBL11;Lukasz Sliwczynski
journals/tim/SliwczynskiKBL11;Przemyslaw Krehlik
journals/tim/SliwczynskiKBL11;Lukasz Buczek
journals/tim/SliwczynskiKBL11;Marcin Lipinski
journals/tim/DasR03;Sunil R. Das
journals/tim/DasR03;Rochit Rajsuman
journals/tim/JarrixDANAG10;Sylvie Jarrix
journals/tim/JarrixDANAG10;Tristan Dubois
journals/tim/JarrixDANAG10;R. Adam
journals/tim/JarrixDANAG10;Philippe Nouvel
journals/tim/JarrixDANAG10;Bruno Azaïs
journals/tim/JarrixDANAG10;Daniel Gasquet
journals/tim/AndoBBGPU13;Bruno Ando
journals/tim/AndoBBGPU13;Salvatore Baglio
journals/tim/AndoBBGPU13;Angela Beninato
journals/tim/AndoBBGPU13;Salvatore Graziani
journals/tim/AndoBBGPU13;Francesco Pagano
journals/tim/AndoBBGPU13;Elena Umana
journals/tim/MoschittaC07;Antonio Moschitta
journals/tim/MoschittaC07;Paolo Carbone
journals/tim/FerreroS05;Alessandro Ferrero
journals/tim/FerreroS05;Simona Salicone
journals/tim/AngrisaniGV06;Leopoldo Angrisani
journals/tim/AngrisaniGV06;Italo Ghidini
journals/tim/AngrisaniGV06;Michele Vadursi
journals/tim/BockCEU06;Wojtek J. Bock
journals/tim/BockCEU06;Jiahua Chen
journals/tim/BockCEU06;Tinko A. Eftimov
journals/tim/BockCEU06;Waclaw Urbanczyk
journals/tim/Ou-YangSS98;Mang Ou-Yang
journals/tim/Ou-YangSS98;Chin-Shown Sheen
journals/tim/Ou-YangSS98;Jin-Shown Shie
journals/tim/Shariat-PanahiVCMBSP08;Shahram Shariat-Panahi
journals/tim/Shariat-PanahiVCMBSP08;Sergi Ventosa
journals/tim/Shariat-PanahiVCMBSP08;Javier Cadena
journals/tim/Shariat-PanahiVCMBSP08;Antoni Manuel Lázaro
journals/tim/Shariat-PanahiVCMBSP08;Antoni Bermúdez
journals/tim/Shariat-PanahiVCMBSP08;Valentí Sallarés
journals/tim/Shariat-PanahiVCMBSP08;Jaume Piera
journals/tim/JaskulaK04;Marek Jaskula
journals/tim/JaskulaK04;Roman Kaszynski
journals/tim/ChenP09;Sheng-Jui Chen
journals/tim/ChenP09;Sheau-Shi Pan
journals/tim/CiofiGN98;Carmine Ciofi
journals/tim/CiofiGN98;Romano Giannetti
journals/tim/CiofiGN98;Bruno Neri
journals/tim/YongguangHY08;Chen Yongguang
journals/tim/YongguangHY08;Ke Hongfa
journals/tim/YongguangHY08;Liu Yi
journals/tim/FerreroLS02;Alessandro Ferrero
journals/tim/FerreroLS02;Massimo Lazzaroni
journals/tim/FerreroLS02;Simona Salicone
journals/tim/RawatRGBL14;Meenakshi Rawat
journals/tim/RawatRGBL14;Karun Rawat
journals/tim/RawatRGBL14;Fadhel M. Ghannouchi
journals/tim/RawatRGBL14;Shubhrajit Bhattacharjee
journals/tim/RawatRGBL14;Henry Leung
journals/tim/Ascroft99;John Ascroft
journals/tim/LazzaroniFCA09;Massimo Lazzaroni
journals/tim/LazzaroniFCA09;Stefano Ferrari
journals/tim/LazzaroniFCA09;Loredana Cristaldi
journals/tim/LazzaroniFCA09;Massimiliano Annoni
journals/tim/Burger06;William J. Burger
journals/tim/Fiorentin98a;P. Fiorentin
journals/tim/BondavalliBFR13;Andrea Bondavalli
journals/tim/BondavalliBFR13;Francesco Brancati
journals/tim/BondavalliBFR13;Alessandra Flammini
journals/tim/BondavalliBFR13;Stefano Rinaldi
journals/tim/KimotoS13;Akira Kimoto
journals/tim/KimotoS13;Shogo Shimada
journals/tim/PoglianoTBS11;Umberto Pogliano
journals/tim/PoglianoTBS11;Bruno Trinchera
journals/tim/PoglianoTBS11;Gian Carlo Bosco
journals/tim/PoglianoTBS11;Danilo Serazio
journals/tim/PetrovicMS00;Predrag B. Petrovic
journals/tim/PetrovicMS00;Slavoljub Marjanovic
journals/tim/PetrovicMS00;Milorad R. Stevanovic
journals/tim/BlackAN13;Michael J. Black
journals/tim/BlackAN13;Mahmood Alhusseini
journals/tim/BlackAN13;Mohamed Nabil Noui-Mehidi
journals/tim/NevilleD06;Stephen Neville
journals/tim/NevilleD06;Nikitas Dimopoulos
journals/tim/PoglianoBS09;Umberto Pogliano
journals/tim/PoglianoBS09;Gian Carlo Bosco
journals/tim/PoglianoBS09;Danilo Serazio
journals/tim/CristaldiFS02;Loredana Cristaldi
journals/tim/CristaldiFS02;Alessandro Ferrero
journals/tim/CristaldiFS02;Simona Salicone
journals/tim/Cameron08;Charles B. Cameron
journals/tim/YinBDDP07;Wuliang Yin
journals/tim/YinBDDP07;Richard Binns
journals/tim/YinBDDP07;Stephen J. Dickinson
journals/tim/YinBDDP07;Claire Davis
journals/tim/YinBDDP07;Anthony J. Peyton
journals/tim/Broersen07;Piet M. T. Broersen
journals/tim/CallegaroGS03;Luca Callegaro
journals/tim/CallegaroGS03;Gianluca Galzerano
journals/tim/CallegaroGS03;Cesare Svelto
journals/tim/CerradaSAPCA09;Carlos Cerrada
journals/tim/CerradaSAPCA09;Santiago Salamanca
journals/tim/CerradaSAPCA09;Antonio Adán
journals/tim/CerradaSAPCA09;Emiliano Pérez
journals/tim/CerradaSAPCA09;José Antonio Cerrada
journals/tim/CerradaSAPCA09;Ismael Abad
journals/tim/AlegriaS09;F. Corrêa Alegria
journals/tim/AlegriaS09;A. Cruz Serra
journals/tim/ZhangXT10;Zhengtao Zhang
journals/tim/ZhangXT10;De Xu
journals/tim/ZhangXT10;Min Tan
journals/tim/NelsonKTL00;Stuart O. Nelson
journals/tim/NelsonKTL00;Andrzej W. Kraszewski
journals/tim/NelsonKTL00;Samir Trabelsi
journals/tim/NelsonKTL00;Kurt C. Lawrence
journals/tim/FoucherGBB02;Samuel Foucher
journals/tim/FoucherGBB02;Mickael Germain
journals/tim/FoucherGBB02;Jean-Marc Boucher
journals/tim/FoucherGBB02;Goze B. Bénié
journals/tim/PoglianoBD99;Umberto Pogliano
journals/tim/PoglianoBD99;Gian Carlo Bosco
journals/tim/PoglianoBD99;Vincenzo D'Elia
journals/tim/MorgadoRR12;Alonso Morgado
journals/tim/MorgadoRR12;Rocio del Río
journals/tim/MorgadoRR12;José Manuel de la Rosa
journals/tim/KampikLK00;Marian Kampik
journals/tim/KampikLK00;Héctor Laiz
journals/tim/KampikLK00;Manfred Klonz
journals/tim/HsuGH14;Jimmy C. Hsu
journals/tim/HsuGH14;Jeng Gong
journals/tim/HsuGH14;Chih-Fang Huang
journals/tim/RufenachtBBDWN09;Alain Rüfenacht
journals/tim/RufenachtBBDWN09;Charles J. Burroughs
journals/tim/RufenachtBBDWN09;Samuel P. Benz
journals/tim/RufenachtBBDWN09;Paul D. Dresselhaus
journals/tim/RufenachtBBDWN09;Bryan C. Waltrip
journals/tim/RufenachtBBDWN09;Thomas L. Nelson
journals/tim/SteinerWLN07;Richard L. Steiner
journals/tim/SteinerWLN07;Edwin R. Williams
journals/tim/SteinerWLN07;Ruimin Liu
journals/tim/SteinerWLN07;David B. Newell
journals/tim/WeissK01;Matthias Weiss
journals/tim/WeissK01;Reinhard H. Knöchel
journals/tim/ZhangWJL04;Min Zhang
journals/tim/ZhangWJL04;Dong Ning Wang
journals/tim/ZhangWJL04;Wei Jin
journals/tim/ZhangWJL04;Yanbiao Liao
journals/tim/WynandsSW07;Robert Wynands
journals/tim/WynandsSW07;Roland Schröder
journals/tim/WynandsSW07;Stefan Weyers
journals/tim/LovettPM06;Teems E. Lovett
journals/tim/LovettPM06;Ferdinanda Ponci
journals/tim/LovettPM06;Antonello Monti
journals/tim/RahmanEG11;Md. Abdur Rahman
journals/tim/RahmanEG11;Abdulmotaleb El-Saddik
journals/tim/RahmanEG11;Wail Gueaieb
journals/tim/BaiW05;Ying-Wen Bai
journals/tim/BaiW05;Hong-Gi Wei
journals/tim/ParkKL03;Sang Eon Park
journals/tim/ParkKL03;Taeg Yong Kwon
journals/tim/ParkKL03;Ho Seong Lee
journals/tim/CiglaricFJ98;Stane Ciglaric
journals/tim/CiglaricFJ98;Dusan Fefer
journals/tim/CiglaricFJ98;Anton Jeglic
journals/tim/DrungS11;Dietmar Drung
journals/tim/DrungS11;Jan-Hendrik Storm
journals/tim/BoussaidOBM98;Farid Boussaïd
journals/tim/BoussaidOBM98;François Olivié
journals/tim/BoussaidOBM98;Mohamed Benzohra
journals/tim/BoussaidOBM98;Augustin Martinez
journals/tim/JokelaHP98;Kari Jokela
journals/tim/JokelaHP98;Petri Hyysalo
journals/tim/JokelaHP98;Lauri Puranen
journals/tim/GaoZWTBY14;Bin Gao
journals/tim/GaoZWTBY14;Hong Zhang
journals/tim/GaoZWTBY14;Wai Lok Woo
journals/tim/GaoZWTBY14;Guiyun Tian
journals/tim/GaoZWTBY14;Libing Bai
journals/tim/GaoZWTBY14;Aijun Yin
journals/tim/GallianaB00;Flavio Galliana
journals/tim/GallianaB00;Giorgio Boella
journals/tim/LiRM03;Yi Li
journals/tim/LiRM03;Juris Rungis
journals/tim/LiRM03;Terry R. McComb
journals/tim/El-SaddikRH08;Abdulmotaleb El-Saddik
journals/tim/El-SaddikRH08;Abu Saleh Md. Mahfujur Rahman
journals/tim/El-SaddikRH08;M. Anwar Hossain
journals/tim/YunBM08;Xiaoping Yun
journals/tim/YunBM08;Eric R. Bachmann
journals/tim/YunBM08;Robert B. McGhee
journals/tim/MoulthropMS05;Andrew A. Moulthrop
journals/tim/MoulthropMS05;Michael S. Muha
journals/tim/MoulthropMS05;Christopher P. Silva
journals/tim/LotaAK08;Jaswinder Lota
journals/tim/LotaAK08;Mohammed Al-Janabi
journals/tim/LotaAK08;Izzet Kale
journals/tim/FanS09;Yu-Cheng Fan
journals/tim/FanS09;Jan-Hung Shen
journals/tim/TanW11;Li Tan
journals/tim/TanW11;Liangmo Wang
journals/tim/CoxC07;Pedro Henrique Cox
journals/tim/CoxC07;Aparecido Augusto de Carvalho
journals/tim/DepariFS12;Alessandro Depari
journals/tim/DepariFS12;Alessandra Flammini
journals/tim/DepariFS12;Emiliano Sisinni
journals/tim/PradeepRM12;Chaminda Pradeep
journals/tim/PradeepRM12;Yan Ru
journals/tim/PradeepRM12;Saba Mylvaganam
journals/tim/TuCLW01;Kun-Yuan Tu
journals/tim/TuCLW01;Fan-Ren Chang
journals/tim/TuCLW01;Chia-Shu Liao
journals/tim/TuCLW01;Li-Sheng Wang
journals/tim/BaloghK02;László Balogh
journals/tim/BaloghK02;István Kollár
journals/tim/RonnowWI07;Damian Rönnow
journals/tim/RonnowWI07;D. Wisell
journals/tim/RonnowWI07;M. Isaksson
journals/tim/LiuWL08;Wenduo Liu
journals/tim/LiuWL08;Jacobus Daniel van Wyk
journals/tim/LiuWL08;Bing Lu
journals/tim/HaoGM03;Ling Hao
journals/tim/HaoGM03;John C. Gallop
journals/tim/HaoGM03;John C. Macfarlane
journals/tim/AzouiguiBWHSSKJ11;Shéhérazade Azouigui
journals/tim/AzouiguiBWHSSKJ11;Thomas Badr
journals/tim/AzouiguiBWHSSKJ11;Jean-Pierre Wallerand
journals/tim/AzouiguiBWHSSKJ11;Marc Himbert
journals/tim/AzouiguiBWHSSKJ11;José-Antonio Salgado
journals/tim/AzouiguiBWHSSKJ11;Jean-Paul Senelaer
journals/tim/AzouiguiBWHSSKJ11;Frédéric Kwasnik
journals/tim/AzouiguiBWHSSKJ11;Patrick Juncar
journals/tim/GraafW04;Ger de Graaf
journals/tim/GraafW04;Reinoud F. Wolffenbuttel
journals/tim/LiaoWLLCCKL14;Lun-De Liao
journals/tim/LiaoWLLCCKL14;Shang-Lin Wu
journals/tim/LiaoWLLCCKL14;Chang-Hong Liou
journals/tim/LiaoWLLCCKL14;Shao-Wei Lu
journals/tim/LiaoWLLCCKL14;Shi-An Chen
journals/tim/LiaoWLLCCKL14;Sheng-Fu Chen
journals/tim/LiaoWLLCCKL14;Li-Wei Ko
journals/tim/LiaoWLLCCKL14;Chin-Teng Lin
journals/tim/RussellLMJ11;Michael J. Russell
journals/tim/RussellLMJ11;George D. Lecakes
journals/tim/RussellLMJ11;Shreekanth Mandayam
journals/tim/RussellLMJ11;S. Jensen
journals/tim/AlegriaGHS04;Francisco André Corrêa Alegria
journals/tim/AlegriaGHS04;Pedro Silva Girão
journals/tim/AlegriaGHS04;Vladimír Haasz
journals/tim/AlegriaGHS04;A. Cruz Serra
journals/tim/NiuSYFX98;Maode Niu
journals/tim/NiuSYFX98;Yong Su
journals/tim/NiuSYFX98;Jinkui Yan
journals/tim/NiuSYFX98;Chenpeng Fu
journals/tim/NiuSYFX98;Deming Xu
journals/tim/AlamBHY00;Mohammad S. Alam
journals/tim/AlamBHY00;John G. Bognar
journals/tim/AlamBHY00;Russell C. Hardie
journals/tim/AlamBHY00;Brian J. Yasuda
journals/tim/BastosHB11;Miguel Cerqueira Bastos
journals/tim/BastosHB11;Maria Hammarquist
journals/tim/BastosHB11;Anders Bergman
journals/tim/RenterghemPVT07;Koen Van Renterghem
journals/tim/RenterghemPVT07;Jo Pletinckx
journals/tim/RenterghemPVT07;Jan Vandewege
journals/tim/RenterghemPVT07;Serge Temmerman
journals/tim/CiofiCPS06;Carmine Ciofi
journals/tim/CiofiCPS06;Felice Crupi
journals/tim/CiofiCPS06;Calogero Pace
journals/tim/CiofiCPS06;Graziella Scandurra
journals/tim/KishikawaSH13;Ryoko Kishikawa
journals/tim/KishikawaSH13;Masaaki Shida
journals/tim/KishikawaSH13;Masahiro Horibe
journals/tim/DeursenSG06;Alex P. J. van Deursen
journals/tim/DeursenSG06;Herwin W. M. Smulders
journals/tim/DeursenSG06;Rroald A. A. de Graaff
journals/tim/FlowersCJP99;Jeffrey L. Flowers
journals/tim/FlowersCJP99;Nicholas J. Cleaton
journals/tim/FlowersCJP99;Patrick W. Josephs-Franks
journals/tim/FlowersCJP99;Brian W. Petley
journals/tim/Borkowski00;J. Borkowski
journals/tim/WangS05;Yicheng Wang
journals/tim/WangS05;Scott H. Shields
journals/tim/FerkovicIM09;Luka Ferkovic
journals/tim/FerkovicIM09;Damir Ilic
journals/tim/FerkovicIM09;Roman Malaric
journals/tim/MasiPT12;Maria Gabriella Masi
journals/tim/MasiPT12;Lorenzo Peretto
journals/tim/MasiPT12;Roberto Tinarelli
journals/tim/MacucciT08;Massimo Macucci
journals/tim/MacucciT08;Bernardo Tellini
journals/tim/XieP15;Peng Xie
journals/tim/XieP15;Mark G. Petovello
journals/tim/YanagimachiWIIS13;Shinya Yanagimachi
journals/tim/YanagimachiWIIS13;Ken-ichi Watabe
journals/tim/YanagimachiWIIS13;Takeshi Ikegami
journals/tim/YanagimachiWIIS13;Hitoshi Iida
journals/tim/YanagimachiWIIS13;Yozo Shimada
journals/tim/NorgiaPS07;Michele Norgia
journals/tim/NorgiaPS07;Alessandro Pesatori
journals/tim/NorgiaPS07;Cesare Svelto
journals/tim/GuLLLHR10;Changzhan Gu
journals/tim/GuLLLHR10;Changzhi Li
journals/tim/GuLLLHR10;Jenshan Lin
journals/tim/GuLLLHR10;Jiang Long
journals/tim/GuLLLHR10;Jiangtao Huangfu
journals/tim/GuLLLHR10;Lixin Ran
journals/tim/TothFD05;Endre Toth
journals/tim/TothFD05;Ana Maria Ribeiro Franco
journals/tim/TothFD05;Rosane M. Debatin
journals/tim/OlletaJCG06;Beatriz Olleta
journals/tim/OlletaJCG06;Hanjun Jiang
journals/tim/OlletaJCG06;Degang Chen
journals/tim/OlletaJCG06;Randall L. Geiger
journals/tamm/Dunham05;William Dunham
journals/tamm/LazerL10;Alan C. Lazer
journals/tamm/LazerL10;Mark Leckband
journals/tamm/Lee09;Hojoo Lee
journals/tamm/Case00;James Case
journals/tamm/KeselmanL08;Gregory Keselman
journals/tamm/KeselmanL08;E. Leonard
journals/tamm/MarivaniM04;Syrous Marivani
journals/tamm/MarivaniM04;Bill Mixon
journals/tamm/Simoson14;Andrew J. Simoson
journals/tamm/Katz06;Gabriel Katz
journals/tamm/ApostolM02a;Tom M. Apostol
journals/tamm/ApostolM02a;Mamikon A. Mnatsakanian
journals/tamm/Callan03;David Callan
journals/tamm/Lamb03;George Lamb
journals/tamm/BruijnR06;N. G. de Bruijn
journals/tamm/BruijnR06;Rolf Richberg
journals/tamm/Januszewski09;Janusz Januszewski
journals/tamm/WitulaSa09;Roman Witula
journals/tamm/WitulaSa09;Damian Slota
journals/tamm/WitulaSa09;et al.
journals/tamm/Cohn06;Henry Cohn
journals/tamm/BatemanE00;Paul Bateman
journals/tamm/BatemanE00;Dennis Eichhorn
journals/tamm/Rudin00;Walter Rudin
journals/tamm/IannucciB00;Douglas Iannucci
journals/tamm/IannucciB00;Brian D. Beasley
journals/tamm/CaseyS13;Stephen D. Casey
journals/tamm/CaseyS13;Brian M. Sadler
journals/tamm/Mann04;Casey Mann
journals/tamm/Mortini01;Raymond Mortini
journals/tamm/Fokkink02;Robbert Fokkink
journals/tamm/Tetiva08a;Marian Tetiva
journals/tamm/Morse07;Marston Morse
journals/tamm/Golomb04a;Solomon W. Golomb
journals/tamm/Faires10;Barbara Faires
journals/tamm/FinchJ02;Carrie E. Finch
journals/tamm/FinchJ02;Lenny Jones
journals/tamm/Kim04;Sey Y. Kim
journals/tamm/Mill04;Jan van Mill
journals/tamm/TrenklerT06;Dietrich Trenkler
journals/tamm/TrenklerT06;Götz Trenkler
journals/tamm/Pasles01;Paul C. Pasles
journals/tamm/Malkevitch13;Joseph Malkevitch
journals/tamm/BeckEZ04;Matthias Beck
journals/tamm/BeckEZ04;Richard Ehrenborg
journals/tamm/BeckEZ04;Thomas Zaslavsky
journals/tamm/JustBBKMW00;Erwin Just
journals/tamm/JustBBKMW00;Allen Berele
journals/tamm/JustBBKMW00;J. Bergen
journals/tamm/JustBBKMW00;K. A. Kearnes
journals/tamm/JustBBKMW00;G. Marks
journals/tamm/JustBBKMW00;Gregory P. Wene
journals/tamm/BatemanK00;Paul Bateman
journals/tamm/BatemanK00;Jeffrey Kalb
journals/tamm/Wolfson01;Paul R. Wolfson
journals/tamm/Owings06;Jim Owings
journals/tamm/Deutsch06;Emeric Deutsch
journals/tamm/CuculiereS09;Roger Cuculière
journals/tamm/CuculiereS09;Richard Stong
journals/tamm/Mostovoy04;Jacob Mostovoy
journals/tamm/Mihai07;Vasile Mihai
journals/tamm/AbramsG10;Aaron Abrams
journals/tamm/AbramsG10;Skip Garibaldi
journals/tamm/HarmanW00;Glyn Harman
journals/tamm/HarmanW00;Kam C. Wong
journals/tamm/Karam00;Omar H. Karam
journals/tamm/PopescuL01;Calin Popescu
journals/tamm/PopescuL01;O. P. Lossers
journals/tamm/Felscher00;Walter Felscher
journals/tamm/BashelorKT08;Andrew Bashelor
journals/tamm/BashelorKT08;Amy Ksir
journals/tamm/BashelorKT08;Will Traves
journals/tamm/Callan04a;David Callan
journals/tamm/KhovanovaR12;Tanya Khovanova
journals/tamm/KhovanovaR12;Alexey Radul
journals/tamm/Thas03;Charles Thas
journals/tamm/TaurasoS09;Roberto Tauraso
journals/tamm/TaurasoS09;Kenneth Schilling
journals/tamm/Watkins11;David S. Watkins
journals/tamm/SibleyW00;Tom Sibley
journals/tamm/SibleyW00;Stan Wagon
journals/tamm/Folland07;Gerald B. Folland
journals/tamm/Zhan01;Xingzhi Zhan
journals/tamm/Bennett05;Grahame Bennett
journals/tamm/TaylorGSKSK02;Howard M. Taylor
journals/tamm/TaylorGSKSK02;Richard A. Groeneveld
journals/tamm/TaylorGSKSK02;John Stufken
journals/tamm/TaylorGSKSK02;John G. Kemeny
journals/tamm/TaylorGSKSK02;James Laurie Snell
journals/tamm/TaylorGSKSK02;Anthony W. Knapp
journals/tamm/Bagby01;Richard Bagby
journals/tamm/Lam04;T. Y. Lam
journals/tamm/Elkies03;Noam D. Elkies
journals/tamm/HallT12;Rachel Wells Hall
journals/tamm/HallT12;Dmitri Tymoczko
journals/tamm/KnuthPL00;Donald E. Knuth
journals/tamm/KnuthPL00;Vaughan R. Pratt
journals/tamm/KnuthPL00;O. P. Lossers
journals/tamm/BagbyL06;Richard Bagby
journals/tamm/BagbyL06;O. P. Lossers
journals/tamm/LuhP14;Kyle Luh
journals/tamm/LuhP14;Nicholas Pippenger
journals/tamm/Cossi01;Ernesto Bruno Cossi
journals/tamm/Arrondo06;Enrique Arrondo
journals/tamm/KuchmentL13;Peter Kuchment
journals/tamm/KuchmentL13;Sergey Lvin
journals/tamm/ApostolM11;Tom M. Apostol
journals/tamm/ApostolM11;Mamikon A. Mnatsakanian
journals/tamm/Panti09;Giovanni Panti
journals/tamm/Mkrtchyan07;Vahan Mkrtchyan
journals/tamm/SimicL05;Slavko Simic
journals/tamm/SimicL05;John H. Lindsey II
journals/tamm/Ciaurri03;Óscar Ciaurri
journals/tamm/Hales07;Thomas C. Hales
journals/tamm/Bracken05;Paul Bracken
journals/tamm/Haxell11;Penny Haxell
journals/tamm/Knuth08a;Donald E. Knuth
journals/tamm/Velleman07;Daniel J. Velleman
journals/tamm/Bataille09;Michel Bataille
journals/tamm/ChapmanS04;Robin Chapman
journals/tamm/ChapmanS04;Nicholas Singer
journals/tamm/Bhargava00;Manjul Bhargava
journals/tamm/Nash03;Alan Nash
journals/tamm/Solomon09;Bruce Solomon
journals/tamm/Kaptanoglu01;H. Turgay Kaptanoglu
journals/tamm/Struble06;Raimond Struble
journals/tamm/Thiele03;Rüdger Thiele
journals/tamm/Russell06;Robert Russell
journals/tamm/WitulaS07;Roman Witula
journals/tamm/WitulaS07;Damian Slota
journals/tamm/EschenbachHHKLSSW00;Carolyn Eschenbach
journals/tamm/EschenbachHHKLSSW00;Frank J. Hall
journals/tamm/EschenbachHHKLSSW00;Rohan Hemasinha
journals/tamm/EschenbachHHKLSSW00;Stephen Kirkland
journals/tamm/EschenbachHHKLSSW00;Zhongshan Li
journals/tamm/EschenbachHHKLSSW00;Bryan Shader
journals/tamm/EschenbachHHKLSSW00;Jeffrey Stuart
journals/tamm/EschenbachHHKLSSW00;James Weaver
journals/tamm/SmileyPCa02;Leonard Smiley
journals/tamm/SmileyPCa02;Helmut Prodinger
journals/tamm/SmileyPCa02;Robin Chapman
journals/tamm/SmileyPCa02;et al.
journals/tamm/RossW14;Kenneth A. Ross
journals/tamm/RossW14;Ann E. Watkins
journals/tamm/Radin04;Charles Radin
journals/tamm/Waterhouse01;William C. Waterhouse