reference/algo/Makinen08;Veli Mäkinen
reference/algo/Huang08a;Li-Sha Huang
reference/algo/Wulff-Nilsen15;Christian Wulff-Nilsen
reference/algo/Fagerberg08b;Rolf Fagerberg
reference/algo/ChenD08b;Xi Chen
reference/algo/ChenD08b;Xiaotie Deng
reference/algo/NaFGP08;Joong Chae Na
reference/algo/NaFGP08;Paolo Ferragina
reference/algo/NaFGP08;Raffaele Giancarlo
reference/algo/NaFGP08;Kunsoo Park
reference/algo/Johnson08;David S. Johnson
reference/algo/KontogiannisPS08;Spyros C. Kontogiannis
reference/algo/KontogiannisPS08;Panagiota N. Panagopoulou
reference/algo/KontogiannisPS08;Paul G. Spirakis
reference/algo/Langberg08;Michael Langberg
reference/algo/Klein08a;Rolf Klein
reference/algo/Takeda08;Masayuki Takeda
reference/algo/Schmidt08;Markus Schmidt
reference/algo/Manasse08;Mark S. Manasse
reference/algo/Ambainis08;Andris Ambainis
reference/algo/LeoneNR08;Pierre Leone
reference/algo/LeoneNR08;Sotiris E. Nikoletseas
reference/algo/LeoneNR08;José D. P. Rolim
reference/algo/Mestre15;Julián Mestre
reference/algo/Charron-BostS08;Bernadette Charron-Bost
reference/algo/Charron-BostS08;André Schiper
reference/algo/KumarM0S15;V. S. Anil Kumar
reference/algo/KumarM0S15;Madhav V. Marathe
reference/algo/KumarM0S15;Srinivasan Parthasarathy 0002
reference/algo/KumarM0S15;Aravind Srinivasan
reference/algo/Niedermeier08;Rolf Niedermeier
reference/algo/Furer08;Martin Fürer
reference/algo/Nayak08;Ashwin Nayak
reference/algo/CrochemoreL15;Maxime Crochemore
reference/algo/CrochemoreL15;Thierry Lecroq
reference/algo/Guo08;Jiong Guo
reference/algo/Kratsch08;Dieter Kratsch
reference/algo/Kratsch08;Fedor V. Fomin
reference/algo/Kratsch08;Fabrizio Grandoni
reference/algo/Kontogiannis08;Spyros C. Kontogiannis
reference/algo/FisherB08;Nathan Fisher
reference/algo/FisherB08;Sanjoy K. Baruah
reference/algo/Chekuri08;Chandra Chekuri
reference/algo/KimWWT15;Donghyun Kim
reference/algo/KimWWT15;Wei Wang
reference/algo/KimWWT15;Weili Wu
reference/algo/KimWWT15;Alade O. Tokuta
reference/algo/Wang08a;Chengwen Chris Wang
reference/algo/Lopez-Ortiz15;Alejandro López-Ortiz
reference/algo/YapS08;Chee-Keng Yap
reference/algo/YapS08;Vikram Sharma 0001
reference/algo/Cormode15;Graham Cormode
reference/algo/Navarro08;Gonzalo Navarro
reference/algo/Vitter08;Jeffrey Scott Vitter
reference/algo/Kreutzer15;Stephan Kreutzer
reference/algo/Kuhn08;Fabian Kuhn
reference/algo/Barbay15;Jérémy Barbay
reference/algo/McKay08;Brendan D. McKay
reference/algo/Konjevod08;Goran Konjevod
reference/algo/Amenta15;Nina Amenta
reference/algo/DemetrescuI08a;Camil Demetrescu
reference/algo/DemetrescuI08a;Giuseppe F. Italiano
reference/algo/Sahinalp08;Süleyman Cenk Sahinalp
reference/algo/Ilie15;Lucian Ilie
reference/algo/Imreh15;Csanád Imreh
reference/algo/Chao08a;Kun-Mao Chao
reference/algo/Mertzios15a;George B. Mertzios
reference/algo/Chakrabarty15;Deeparnab Chakrabarty
reference/algo/Epstein08b;Leah Epstein
reference/algo/KanteN15;Mamadou Moustapha Kanté
reference/algo/KanteN15;Lhouari Nourine
reference/algo/Yi08;Chih-Wei Yi
reference/algo/Dey15a;Tamal Krishna Dey
reference/algo/KranakisK08;Evangelos Kranakis
reference/algo/KranakisK08;Danny Krizanc
reference/algo/Berg15;Mark de Berg
reference/algo/Speckmann08;Bettina Speckmann
reference/algo/Bansal08d;Nikhil Bansal
reference/algo/Langetepe15;Elmar Langetepe
reference/algo/Ramachandran08;Vijaya Ramachandran
reference/algo/Bader08a;David A. Bader
reference/algo/Chrobak15;Marek Chrobak
reference/algo/Fang08a;Qizhi Fang
reference/algo/Ramos08;Edgar A. Ramos
reference/algo/King08;Valerie King
reference/algo/LangbergC15;Michael Langberg
reference/algo/LangbergC15;Chandra Chekuri
reference/algo/Yeo15;Anders Yeo
reference/algo/Sitters08;René A. Sitters
reference/algo/0002DC15;Feng Wang 0002
reference/algo/0002DC15;Ding-Zhu Du
reference/algo/0002DC15;Xiuzhen Cheng
reference/algo/Chandra08;Tushar Deepak Chandra
reference/algo/Zhao15;Zhang Zhao
reference/algo/Rosamond08;Frances A. Rosamond
reference/algo/Trevisan08;Luca Trevisan
reference/algo/Wang0M15;Lusheng Wang
reference/algo/Wang0M15;Ming Li 0001
reference/algo/Wang0M15;Bin Ma
reference/algo/KaporisK08;Alexis C. Kaporis
reference/algo/KaporisK08;Lefteris M. Kirousis
reference/algo/Manasse15;Mark S. Manasse
reference/algo/Chen08a;Jianer Chen
reference/algo/Karakostas08;George Karakostas
reference/algo/Bateni15;MohammadHossein Bateni
reference/algo/Fernau08;Henning Fernau
reference/algo/BrandstadtN15;Andreas Brandstädt
reference/algo/BrandstadtN15;Ragnar Nevries
reference/algo/AlicherryBL08;Mansoor Alicherry
reference/algo/AlicherryBL08;Randeep Bhatia
reference/algo/AlicherryBL08;Li (Erran) Li
reference/algo/JurdzinskiK15;Tomasz Jurdzinski
reference/algo/JurdzinskiK15;Dariusz R. Kowalski
reference/algo/BecchettiLMP08;Luca Becchetti
reference/algo/BecchettiLMP08;Stefano Leonardi
reference/algo/BecchettiLMP08;Alberto Marchetti-Spaccamela
reference/algo/BecchettiLMP08;Kirk Pruhs
reference/algo/Italiano08b;Giuseppe F. Italiano
reference/algo/DemaineH08a;Erik D. Demaine
reference/algo/DemaineH08a;MohammadTaghi Hajiaghayi
reference/algo/Bansal08b;Nikhil Bansal
reference/algo/Epstein15c;Leah Epstein
reference/algo/NikolenkoK15;Sergey I. Nikolenko
reference/algo/NikolenkoK15;Kirill Kogan
reference/algo/Hon08;Wing-Kai Hon
reference/algo/Raptopoulos15;Christoforos Raptopoulos
reference/algo/Pilipczuk15a;Marcin Pilipczuk
reference/algo/Baeza-Yates08;Ricardo A. Baeza-Yates
reference/algo/Mendel08;Manor Mendel
reference/algo/Hallgren08;Sean Hallgren
reference/algo/Bansal08;Nikhil Bansal
reference/algo/FerraginaM08a;Paolo Ferragina
reference/algo/FerraginaM08a;Giovanni Manzini
reference/algo/Bodlaender15a;Hans L. Bodlaender
reference/algo/Cheng15a;Siu-Wing Cheng
reference/algo/Pettie08a;Seth Pettie
reference/algo/Bodlaender15;Hans L. Bodlaender
reference/algo/Gasieniec08;Leszek Gasieniec
reference/algo/Takaoka08;Tadao Takaoka
reference/algo/Kratsch15a;Stefan Kratsch
reference/algo/Dosa15;György Dósa
reference/algo/WangLW08;Weizhao Wang
reference/algo/WangLW08;Xiang-Yang Li
reference/algo/WangLW08;Yu Wang 0003
reference/algo/McGeoch08a;Lyle A. McGeoch
reference/algo/PrakashA08;Amit Prakash
reference/algo/PrakashA08;Adnan Aziz
reference/algo/Bansal15;Nikhil Bansal
reference/algo/Dey15;Tamal Krishna Dey
reference/algo/WuD15;Weili Wu
reference/algo/WuD15;Ling Ding
reference/algo/Zhou08;Hai Zhou
reference/algo/Ma08;Bin Ma
reference/algo/Bader08b;David A. Bader
reference/algo/BuchsbaumG08;Adam L. Buchsbaum
reference/algo/BuchsbaumG08;Raffaele Giancarlo
reference/algo/GudmundssonNS08;Joachim Gudmundsson
reference/algo/GudmundssonNS08;Giri Narasimhan
reference/algo/GudmundssonNS08;Michiel H. M. Smid
reference/algo/Amir08a;Amihood Amir
reference/algo/Tanigawa15;Shin-ichi Tanigawa
reference/algo/Lopez-OrtizS15;Alejandro López-Ortiz
reference/algo/Lopez-OrtizS15;Alejandro Salinger
reference/algo/Reichardt08;Ben Reichardt
reference/algo/Dick08;Robert P. Dick
reference/algo/Nagarajan15;Viswanath Nagarajan
reference/algo/Servedio08;Rocco A. Servedio
reference/algo/King08a;Valerie King
reference/algo/Lam08;Tak Wah Lam
reference/algo/Moffat15;Alistair Moffat
reference/algo/ChengWD08;Xiuzhen Cheng
reference/algo/ChengWD08;Feng Wang 0002
reference/algo/ChengWD08;Ding-Zhu Du
reference/algo/Rajaraman08;Rajmohan Rajaraman
reference/algo/NgoR15;Hung Q. Ngo
reference/algo/NgoR15;Atri Rudra
reference/algo/Serna08a;Maria J. Serna
reference/algo/Serna08;Maria J. Serna
reference/algo/Babaioff15;Moshe Babaioff
reference/algo/Brodal08;Gerth Stølting Brodal
reference/algo/Shah15;Rahul Shah
reference/algo/Manlove08;David Manlove
reference/algo/Csuros08;Miklós Csürös
reference/algo/Cheng15;Siu-Wing Cheng
reference/algo/Tannier08;Eric Tannier
reference/algo/ChinY08;Francis Y. L. Chin
reference/algo/ChinY08;Siu-Ming Yiu
reference/algo/Sung08b;Wing-Kin Sung
reference/algo/Mor08;Tal Mor
reference/algo/Zhou08a;Hai Zhou
reference/algo/Tate08;Stephen R. Tate
reference/algo/DellingGW15;Daniel Delling
reference/algo/DellingGW15;Andrew V. Goldberg
reference/algo/DellingGW15;Renato F. Werneck
reference/algo/Young08b;Evangeline F. Y. Young
reference/algo/Epstein15e;Leah Epstein
reference/algo/DasGuptaHJLTZ08;Bhaskar DasGupta
reference/algo/DasGuptaHJLTZ08;Xin He
reference/algo/DasGuptaHJLTZ08;Tao Jiang
reference/algo/DasGuptaHJLTZ08;Ming Li 0001
reference/algo/DasGuptaHJLTZ08;John Tromp
reference/algo/DasGuptaHJLTZ08;Louxin Zhang
reference/algo/DasGuptaHLTZ15;Bhaskar DasGupta
reference/algo/DasGuptaHLTZ15;Xin He
reference/algo/DasGuptaHLTZ15;Ming Li
reference/algo/DasGuptaHLTZ15;John Tromp
reference/algo/DasGuptaHLTZ15;Louxin Zhang
reference/algo/FerraginaS15;Paolo Ferragina
reference/algo/FerraginaS15;Srinivasa Rao Satti
reference/algo/Grossi15;Roberto Grossi
reference/algo/Ilie08;Lucian Ilie
reference/algo/WangWL08;Yu Wang 0003
reference/algo/WangWL08;Weizhao Wang
reference/algo/WangWL08;Xiang-Yang Li
reference/algo/Henzinger15;Monika Henzinger
reference/algo/AlonYZ08;Noga Alon
reference/algo/AlonYZ08;Raphael Yuster
reference/algo/AlonYZ08;Uri Zwick
reference/algo/Rajsbaum08;Sergio Rajsbaum
reference/algo/Fang08;Qizhi Fang
reference/algo/Feuerstein08;Esteban Feuerstein
reference/algo/Johnson15;David S. Johnson
reference/algo/Hopfner08;Hagen Höpfner
reference/algo/ClausDP08;Volker Claus
reference/algo/ClausDP08;Volker Diekert
reference/algo/ClausDP08;Holger Petersen
reference/algo/EigenwilligM08;Arno Eigenwillig
reference/algo/EigenwilligM08;Kurt Mehlhorn
reference/algo/Schmitz08;Lothar Schmitz
reference/algo/KleinK08;Rolf Klein
reference/algo/KleinK08;Tom Kamphans
reference/algo/WagnerGM08;Dorothea Wagner
reference/algo/WagnerGM08;Robert Görke
reference/algo/WagnerGM08;Steffen Mecke
reference/algo/DomHN08;Michael Dom
reference/algo/DomHN08;Falk Hüffner
reference/algo/DomHN08;Rolf Niedermeier
reference/algo/BehrischCL08;Michael Behrisch
reference/algo/BehrischCL08;Amin Coja-Oghlan
reference/algo/BehrischCL08;Peter Liske
reference/algo/BongartzU08;Dirk Bongartz
reference/algo/BongartzU08;Walter Unger
reference/algo/Blomer08;Johannes Blömer
reference/algo/Schlingloff08;Bernd-Holger Schlingloff
reference/algo/Tantau08;Till Tantau
reference/algo/Sieling08;Detlef Sieling
reference/npe/PopescuC11;Adrian Popescu
reference/npe/PopescuC11;Doru Constantinescu
reference/npe/Villen-AltamiranoV11;Manuel Villén-Altamirano
reference/npe/Villen-AltamiranoV11;José Villén-Altamirano
reference/npe/FiedlerIL11;Markus Fiedler
reference/npe/FiedlerIL11;Lennart Isaksson
reference/npe/FiedlerIL11;Peter Lindberg
reference/npe/MouchosTK11;Harry Mouchos
reference/npe/MouchosTK11;Athanasios Tsokanos
reference/npe/MouchosTK11;Demetres D. Kouvatsos
reference/npe/Remondo11;David Remondo
reference/npe/MkwawaK11;Is-Haka Mkwawa
reference/npe/MkwawaK11;Demetres D. Kouvatsos
reference/npe/MkwawaKP11;Is-Haka Mkwawa
reference/npe/MkwawaKP11;Demetres D. Kouvatsos
reference/npe/MkwawaKP11;Adrian Popescu
reference/npe/AkhlaqAAMCA11;Monis Akhlaq
reference/npe/AkhlaqAAMCA11;Faeiz Alserhani
reference/npe/AkhlaqAAMCA11;Irfan Awan
reference/npe/AkhlaqAAMCA11;John Mellor
reference/npe/AkhlaqAAMCA11;Andrea J. Cullen
reference/npe/AkhlaqAAMCA11;Abdullah Al-Dhelaan
reference/npe/ShahKMM11;Neelkamal P. Shah
reference/npe/ShahKMM11;Demetres D. Kouvatsos
reference/npe/ShahKMM11;Jim Martin
reference/npe/ShahKMM11;Scott Moser
reference/npe/BelzarenaS11;Pablo Belzarena
reference/npe/BelzarenaS11;María Simon
reference/npe/AtmacaN11;Tülin Atmaca
reference/npe/AtmacaN11;Viet Hung Nguyen
reference/npe/IovannaNSZ11;Paola Iovanna
reference/npe/IovannaNSZ11;Maurizio Naldi
reference/npe/IovannaNSZ11;Roberto Sabella
reference/npe/IovannaNSZ11;Cristiano Zema
reference/npe/IlieP11;Dragos Ilie
reference/npe/IlieP11;Adrian Popescu
reference/npe/Sun11;Zhili Sun
reference/npe/WangMKZ11;Lan Wang
reference/npe/WangMKZ11;Geyong Min
reference/npe/WangMKZ11;Demetres D. Kouvatsos
reference/npe/WangMKZ11;Xiangxiang Zuo
reference/npe/Balsamo11;Simonetta Balsamo
reference/npe/WalraevensFB11;Joris Walraevens
reference/npe/WalraevensFB11;Dieter Fiems
reference/npe/WalraevensFB11;Herwig Bruneel
reference/npe/Castel-TalebCH11;Hind Castel-Taleb
reference/npe/Castel-TalebCH11;Mohamad Chaitou
reference/npe/Castel-TalebCH11;Gérard Hébuterne
reference/npe/MarkovichK11;Natalia M. Markovich
reference/npe/MarkovichK11;Udo R. Krieger
reference/npe/FretwellK11;Rod J. Fretwell
reference/npe/FretwellK11;Demetres D. Kouvatsos
reference/npe/Krieger11;Udo R. Krieger
reference/npe/CzachorskiP11;Tadeusz Czachórski
reference/npe/CzachorskiP11;Ferhan Pekergin
reference/npe/Anisimov11;Vladimir V. Anisimov
reference/npe/HarrisonT11;Peter G. Harrison
reference/npe/HarrisonT11;Nigel Thomas
reference/npe/LiangCS11;Lei Liang
reference/npe/LiangCS11;Yang Chen
reference/npe/LiangCS11;Zhili Sun
reference/npe/KouvatsosA11;Demetres D. Kouvatsos
reference/npe/KouvatsosA11;Salam A. Assi
reference/npe/LevyAR11;Hanoch Levy
reference/npe/LevyAR11;Benjamin Avi-Itzhak
reference/npe/LevyAR11;David Raz
reference/npe/MkwawaKBHGK11;Is-Haka Mkwawa
reference/npe/MkwawaKBHGK11;Demetres D. Kouvatsos
reference/npe/MkwawaKBHGK11;Wolfgang Brandstätter
reference/npe/MkwawaKBHGK11;Gerhard Horak
reference/npe/MkwawaKBHGK11;Alfons Geier
reference/npe/MkwawaKBHGK11;Christoforos D. Kavadias
reference/npe/VuystWB11;Stijn De Vuyst
reference/npe/VuystWB11;Sabine Wittevrongel
reference/npe/VuystWB11;Herwig Bruneel
reference/npe/Pagano11;Michele Pagano
reference/npe/PopescuKRG11;Adrian Popescu
reference/npe/PopescuKRG11;Demetres D. Kouvatsos
reference/npe/PopescuKRG11;David Remondo
reference/npe/PopescuKRG11;Stefano Giordano
reference/npe/Larijani11;Hadi Larijani
reference/npe/FerreiraP11;Fátima Ferreira
reference/npe/FerreiraP11;António Pacheco
reference/npe/ChakkaD11;Ram Chakka
reference/npe/ChakkaD11;Tien Van Do
reference/npe/Mitrani11;Isi Mitrani
reference/npe/DhaouGTBB11;Riadh Dhaou
reference/npe/DhaouGTBB11;Vincent Gauthier
reference/npe/DhaouGTBB11;M. Issoufou Tiado
reference/npe/DhaouGTBB11;Monique Becker
reference/npe/DhaouGTBB11;André-Luc Beylot
reference/npe/NogueiraSVP11;António Nogueira
reference/npe/NogueiraSVP11;Paulo Salvador
reference/npe/NogueiraSVP11;Rui Valadas
reference/npe/NogueiraSVP11;António Pacheco
reference/npe/PaganoS11;Michele Pagano
reference/npe/PaganoS11;Raffaello Secchi
reference/npe/ThomasB11;Nigel Thomas
reference/npe/ThomasB11;Jeremy T. Bradley
reference/npe/Arlos11;Patrik Arlos
reference/npe/DoC11;Tien Van Do
reference/npe/DoC11;Ram Chakka
reference/npe/PopescuEIFPV11;Adrian Popescu
reference/npe/PopescuEIFPV11;David Erman
reference/npe/PopescuEIFPV11;Dragos Ilie
reference/npe/PopescuEIFPV11;Markus Fiedler
reference/npe/PopescuEIFPV11;Alexandru Popescu
reference/npe/PopescuEIFPV11;Karel De Vogeleer
reference/npe/PopescuEVPF11;Adrian Popescu
reference/npe/PopescuEVPF11;David Erman
reference/npe/PopescuEVPF11;Karel De Vogeleer
reference/npe/PopescuEVPF11;Alexandru Popescu
reference/npe/PopescuEVPF11;Markus Fiedler
reference/npe/GinerPE11;Vicente Casares Giner
reference/npe/GinerPE11;Vicent Pla
reference/npe/GinerPE11;Pablo Escalle-García
reference/nc/Taati12;Siamak Taati
reference/nc/BanzhafM12;Wolfgang Banzhaf
reference/nc/BanzhafM12;Barry McMullin
reference/nc/BrijderDHJPR12;Robert Brijder
reference/nc/BrijderDHJPR12;Mark Daley
reference/nc/BrijderDHJPR12;Tero Harju
reference/nc/BrijderDHJPR12;Natasa Jonoska
reference/nc/BrijderDHJPR12;Ion Petre
reference/nc/BrijderDHJPR12;Grzegorz Rozenberg
reference/nc/Sekanina12;Lukás Sekanina
reference/nc/DelormeM12;Marianne Delorme
reference/nc/DelormeM12;Jacques Mazoyer
reference/nc/ReifL12;John H. Reif
reference/nc/ReifL12;Thomas H. LaBean
reference/nc/Kari12;Jarkko Kari
reference/nc/Rudolph12;Günter Rudolph
reference/nc/Paun12;Gheorghe Paun
reference/nc/Hirvensalo12;Mika Hirvensalo
reference/nc/CorneDKY12;David W. Corne
reference/nc/CorneDKY12;Kalyanmoy Deb
reference/nc/CorneDKY12;Joshua Knowles
reference/nc/CorneDKY12;Xin Yao
reference/nc/Choi12;Seungjin Choi
reference/nc/Paun12a;Gheorghe Paun
reference/nc/Rudolph12a;Günter Rudolph
reference/nc/Skowron12;Andrzej Skowron
reference/nc/ReadAT12;Mark Read
reference/nc/ReadAT12;Paul S. Andrews
reference/nc/ReadAT12;Jon Timmis
reference/nc/Krasnogor12;Natalio Krasnogor
reference/nc/BrabazonDDOE12;Anthony Brabazon
reference/nc/BrabazonDDOE12;Jing Dang
reference/nc/BrabazonDDOE12;Ian Dempsey
reference/nc/BrabazonDDOE12;Michael O'Neill
reference/nc/BrabazonDDOE12;David Edelman
reference/nc/LiHG12;Kang Li
reference/nc/LiHG12;Guang-Bin Huang
reference/nc/LiHG12;Shuzhi Sam Ge
reference/nc/YuK12;Hwanjo Yu
reference/nc/YuK12;Sungchul Kim
reference/nc/MazoyerY12;Jacques Mazoyer
reference/nc/MazoyerY12;Jean-Baptiste Yunès
reference/nc/Ollinger12;Nicolas Ollinger
reference/nc/Stepney12;Susan Stepney
reference/nc/Jansen12;Thomas Jansen 0001
reference/nc/Shir12;Ofer M. Shir
reference/nc/WhitleyS12;Darrell Whitley
reference/nc/WhitleyS12;Andrew M. Sutton
reference/nc/Jong12;Kenneth A. De Jong
reference/nc/VanneschiP12;Leonardo Vanneschi
reference/nc/VanneschiP12;Riccardo Poli
reference/nc/DennunzioFK12;Alberto Dennunzio
reference/nc/DennunzioFK12;Enrico Formenti
reference/nc/DennunzioFK12;Petr Kurka
reference/nc/Terrier12;Véronique Terrier
reference/nc/0003K12;Ke Chen 0003
reference/nc/0003K12;Lukasz A. Kurgan
reference/nc/GaoLTL12;Xinbo Gao
reference/nc/GaoLTL12;Wen Lu
reference/nc/GaoLTL12;Dacheng Tao
reference/nc/GaoLTL12;Xuelong Li
reference/nc/BruknerZ12;Caslav Brukner
reference/nc/BruknerZ12;Marek Zukowski
reference/nc/Meyer-NiebergB12;Silja Meyer-Nieberg
reference/nc/Meyer-NiebergB12;Hans-Georg Beyer
reference/nc/Zitzler12;Eckart Zitzler
reference/nc/Morita12;Kenichi Morita
reference/nc/AdamatzkyC12;Andrew Adamatzky
reference/nc/AdamatzkyC12;Benjamin de Lacy Costello
reference/nc/KariSS12;Lila Kari
reference/nc/KariSS12;Shinnosuke Seki
reference/nc/KariSS12;Petr Sosík
reference/nc/Zhang12b;Shengyu Zhang
reference/nc/PopoviciBWJ12;Elena Popovici
reference/nc/PopoviciBWJ12;Anthony Bucci
reference/nc/PopoviciBWJ12;R. Paul Wiegand
reference/nc/PopoviciBWJ12;Edwin D. de Jong
reference/nc/Hulle12;Marc M. Van Hulle
reference/nc/Koshiba12;Takeshi Koshiba
reference/nc/Priami12;Corrado Priami
reference/nc/Suominen12;Kalle-Antti Suominen
reference/nc/DeganoB12;Pierpaolo Degano
reference/nc/DeganoB12;Andrea Bracciali
reference/nc/SmithM12;Jamie Smith
reference/nc/SmithM12;Michele Mosca
reference/nc/Kovacs12;Tim Kovacs
reference/nc/TorresV12;Joaquín J. Torres
reference/nc/TorresV12;Pablo Varona
reference/nc/Chopard12;Bastien Chopard
reference/nc/AdamatzkyD12;Andrew Adamatzky
reference/nc/AdamatzkyD12;Jérôme Durand-Lose
reference/nc/Paugam-MoisyB12;Hélène Paugam-Moisy
reference/nc/Paugam-MoisyB12;Sander M. Bohte
reference/nc/HagiyaKKTY12;Masami Hagiya
reference/nc/HagiyaKKTY12;Satoshi Kobayashi
reference/nc/HagiyaKKTY12;Ken Komiya
reference/nc/HagiyaKKTY12;Fumiaki Tanaka
reference/nc/HagiyaKKTY12;Takashi Yokomori
reference/nc/DowslandT12;Kathryn A. Dowsland
reference/nc/DowslandT12;Jonathan M. Thompson
reference/nc/AritaHTT12;Masanori Arita
reference/nc/AritaHTT12;Masami Hagiya
reference/nc/AritaHTT12;Masahiro Takinoue
reference/nc/AritaHTT12;Fumiaki Tanaka
reference/nc/Zhang12a;G. Peter Zhang
reference/nc/Zhang12;Jie Zhang
reference/nc/Fogel12;Gary B. Fogel
reference/nc/CorneRB12;David W. Corne
reference/nc/CorneRB12;Alan P. Reynolds
reference/nc/CorneRB12;Eric Bonabeau
reference/nc/SakakibaraH12;Yasubumi Sakakibara
reference/nc/SakakibaraH12;Satoshi Hiyama
reference/gis/ChenL08a;Feng Chen
reference/gis/ChenL08a;Chang-Tien Lu
reference/gis/Reichenbacher08;Tumasch Reichenbacher
reference/gis/Wen08;Zhen Wen
reference/gis/ThuraisinghamKSAK08;Bhavani M. Thuraisingham
reference/gis/ThuraisinghamKSAK08;Latifur Khan
reference/gis/ThuraisinghamKSAK08;Ganesh Subbiah
reference/gis/ThuraisinghamKSAK08;Ashraful Alam
reference/gis/ThuraisinghamKSAK08;Murat Kantarcioglu
reference/gis/ZhouL08d;Xiaobo Zhou
reference/gis/ZhouL08d;Henry Lin
reference/gis/Pfoser08a;Dieter Pfoser
reference/gis/Salmenkivi08;Marko Salmenkivi
reference/gis/KushkiPV08;Azadeh Kushki
reference/gis/KushkiPV08;Konstantinos N. Plataniotis
reference/gis/KushkiPV08;Anastasios N. Venetsanopoulos
reference/gis/YangL08;Jue Yang
reference/gis/YangL08;Xinrong Li
reference/gis/BettiniMW08;Claudio Bettini
reference/gis/BettiniMW08;Sergio Mascetti
reference/gis/BettiniMW08;Xiaoyang Sean Wang
reference/gis/Zhang08a;Pusheng Zhang
reference/gis/Zaslavsky08b;Ilya Zaslavsky
reference/gis/Bohm08;Christian Böhm
reference/gis/Grabow08;Damon Grabow
reference/gis/ChiuL08;Yi-Chang Chiu
reference/gis/ChiuL08;Henry X. Liu
reference/gis/Srinivasan08c;Sumeeta Srinivasan
reference/gis/KalogerakiS08;Vana Kalogeraki
reference/gis/KalogerakiS08;Amir Soheili
reference/gis/BrodeurB08;Jean Brodeur
reference/gis/BrodeurB08;Thierry Badard
reference/gis/Revesz08b;Peter Z. Revesz
reference/gis/RamakrishnanB08;Naren Ramakrishnan
reference/gis/RamakrishnanB08;Chris Bailey-Kellogg
reference/gis/Vosselman08;George Vosselman
reference/gis/Maguire08;David J. Maguire
reference/gis/Hoel08;Erik G. Hoel
reference/gis/Salmenkivi08b;Marko Salmenkivi
reference/gis/Lim08;Hyeeun Lim
reference/gis/Srinivasan08a;Sumeeta Srinivasan
reference/gis/LiYZ08;Wenwen Li
reference/gis/LiYZ08;Chaowei Phil Yang
reference/gis/LiYZ08;Bin Zhou
reference/gis/Keenan08;Peter Keenan
reference/gis/ChenDWB08;Aijun Chen
reference/gis/ChenDWB08;Liping Di
reference/gis/ChenDWB08;Yaxing Wei
reference/gis/ChenDWB08;Yuqi Bai
reference/gis/KeimBBK08;Daniel A. Keim
reference/gis/KeimBBK08;Benjamin Bustos
reference/gis/KeimBBK08;Stefan Berchtold
reference/gis/KeimBBK08;Hans-Peter Kriegel
reference/gis/CaronCLHRS08;Claude Caron
reference/gis/CaronCLHRS08;Daniel Chamberland-Tremblay
reference/gis/CaronCLHRS08;Cédric Lapierre
reference/gis/CaronCLHRS08;Pierre Hadaya
reference/gis/CaronCLHRS08;Stéphane Roche
reference/gis/CaronCLHRS08;Mokhtar Saada
reference/gis/Chen08a;Cindy X. Chen
reference/gis/Theau08b;Jérôme Théau
reference/gis/Theau08;Jérôme Théau
reference/gis/JanejaA08;Vandana Pursnani Janeja
reference/gis/JanejaA08;Nabil R. Adam
reference/gis/XiongMA08;Xiaopeng Xiong
reference/gis/XiongMA08;Mohamed F. Mokbel
reference/gis/XiongMA08;Walid G. Aref
reference/gis/YangE08;Chaowei Phil Yang
reference/gis/YangE08;John Evans
reference/gis/FinleyB08;Andrew O. Finley
reference/gis/FinleyB08;Sudipto Banerjee
reference/gis/GangodagamageZL08;Chandana Gangodagamage
reference/gis/GangodagamageZL08;Xiaobo Zhou
reference/gis/GangodagamageZL08;Henry Lin
reference/gis/ArabHW08;Ali Arab
reference/gis/ArabHW08;Mevin B. Hooten
reference/gis/ArabHW08;Christopher K. Wikle
reference/gis/WilsonF08;Ronald E. Wilson
reference/gis/WilsonF08;Katie M. Filbert
reference/gis/Fonseca08b;Frederico T. Fonseca
reference/gis/Cheng08;Reynold Cheng
reference/gis/George08;Betsy George
reference/gis/Bruns08;Dale A. Bruns
reference/gis/WilfahrtK08;Rhett Wilfahrt
reference/gis/WilfahrtK08;Sangho Kim
reference/gis/TryfonaJ08;Nectaria Tryfona
reference/gis/TryfonaJ08;Christian S. Jensen
reference/gis/Gandhi08a;Vijay Gandhi
reference/gis/SamalS08;Ashok Samal
reference/gis/SamalS08;Sharad C. Seth
reference/gis/Miller08b;Harvey J. Miller
reference/gis/Fisher08;Peter F. Fisher
reference/gis/LiHKCT08;Feifei Li
reference/gis/LiHKCT08;Marios Hadjieleftheriou
reference/gis/LiHKCT08;George Kollios
reference/gis/LiHKCT08;Dihan Cheng
reference/gis/LiHKCT08;Shang-Hua Teng
reference/gis/Zhou08;Naijun Zhou
reference/spatial/KremerM07;Philip Kremer
reference/spatial/KremerM07;Grigori Mints
reference/spatial/ParikhMS07;Rohit Parikh
reference/spatial/ParikhMS07;Lawrence S. Moss
reference/spatial/ParikhMS07;Chris Steinsvold
reference/spatial/SmythW07;Michael B. Smyth
reference/spatial/SmythW07;Julian Webster
reference/spatial/BlochHR07;Isabelle Bloch
reference/spatial/BlochHR07;Henk J. A. M. Heijmans
reference/spatial/BlochHR07;Christian Ronse
reference/spatial/AndrekaMN07;Hajnal Andréka
reference/spatial/AndrekaMN07;Judit X. Madarász
reference/spatial/AndrekaMN07;István Németi
reference/spatial/BennettD07;Brandon Bennett
reference/spatial/BennettD07;Ivo Düntsch
reference/spatial/Vickers07;Steven Vickers
reference/spatial/GeertsK07;Floris Geerts
reference/spatial/GeertsK07;Bart Kuijpers
reference/spatial/Pratt-Hartmann07;Ian Pratt-Hartmann
reference/spatial/AielloPB07;Marco Aiello 0001
reference/spatial/AielloPB07;Ian Pratt-Hartmann
reference/spatial/AielloPB07;Johan van Benthem
reference/spatial/BenthemB07;Johan van Benthem
reference/spatial/BenthemB07;Guram Bezhanishvili
reference/spatial/KontchakovKWZ07;Roman Kontchakov
reference/spatial/KontchakovKWZ07;Agi Kurucz
reference/spatial/KontchakovKWZ07;Frank Wolter
reference/spatial/KontchakovKWZ07;Michael Zakharyaschev
reference/spatial/BalbianiGKV07;Philippe Balbiani
reference/spatial/BalbianiGKV07;Valentin Goranko
reference/spatial/BalbianiGKV07;Ruaan Kellerman
reference/spatial/BalbianiGKV07;Dimiter Vakarelov
reference/spatial/Varzi07;Achille C. Varzi
reference/spatial/RenzN07;Jochen Renz
reference/spatial/RenzN07;Bernhard Nebel
reference/cn/Cardin14;Jessica A. Cardin
reference/cn/Geit14;Werner Van Geit
reference/cn/Gibson14;William Gibson
reference/cn/InceSP14;Robin A. A. Ince
reference/cn/InceSP14;Simon R. Schultz
reference/cn/InceSP14;Stefano Panzeri
reference/cn/Beuter14;Anne Beuter
reference/cn/Riecke14;Hermann Riecke
reference/cn/SchollP14;Benjamin Scholl
reference/cn/SchollP14;Nicholas J. Priebe
reference/cn/WinkelsteinJ14;Beth Winkelstein
reference/cn/WinkelsteinJ14;Nicolas Jaumard
reference/cn/Bethge14;Matthias Bethge
reference/cn/SennP14;Walter Senn
reference/cn/SennP14;Jean-Pascal Pfister
reference/cn/Jirsa14a;Viktor K. Jirsa
reference/cn/Liley14;David T. J. Liley
reference/cn/Jirsa14;Viktor K. Jirsa
reference/cn/CabralD14;Joana Cabral
reference/cn/CabralD14;Gustavo Deco
reference/cn/MorenoC14;Jonathan D. Moreno
reference/cn/MorenoC14;Colleen E. Clancy
reference/cn/Beierholm14;Ulrik R. Beierholm
reference/cn/Hutt14a;Axel Hutt
reference/cn/Borisyuk14a;Alla Borisyuk
reference/cn/WinklerDE14;István Winkler
reference/cn/WinklerDE14;Susan L. Denham
reference/cn/WinklerDE14;Carles Escera
reference/cn/SantamariaM14;Fidel Santamaría
reference/cn/SantamariaM14;Toma M. Marinov
reference/cn/ErmentroutB14;G. Bard Ermentrout
reference/cn/ErmentroutB14;Vincent A. Billock
reference/cn/Truccolo14;Wilson Truccolo
reference/cn/SolinasMS14;Sergio Solinas
reference/cn/SolinasMS14;Stefano Masoli
reference/cn/SolinasMS14;Sathyaa Subramaniyam
reference/cn/Yousif14;Nada Yousif
reference/cn/Butera14;Robert J. Butera
reference/cn/ChenB14a;Zhe Chen
reference/cn/ChenB14a;Emery N. Brown
reference/cn/Ren14;Qiushi Ren
reference/cn/DannerHM14;Simon M. Danner
reference/cn/DannerHM14;Ursula S. Hofstoetter
reference/cn/DannerHM14;Karen Minassian
reference/cn/Lewis14;Matthew Lewis
reference/cn/ChiccaSN14;Elisabetta Chicca
reference/cn/ChiccaSN14;Michael Schmuker
reference/cn/ChiccaSN14;Martin P. Nawrot
reference/cn/NowotnyM14;Thomas Nowotny
reference/cn/NowotnyM14;Vincenzo Marra
reference/cn/Durand14;Dominique M. Durand
reference/cn/Holmes14a;William R. Holmes
reference/cn/LebloisD14;Arthur Leblois
reference/cn/LebloisD14;Ran Darshan
reference/cn/FreedmanST14;David S. Freedman
reference/cn/FreedmanST14;Mesut Sahin
reference/cn/FreedmanST14;Bruce C. Towe
reference/cn/AbdelghaniAJ14;Mohamed N. Abdelghani
reference/cn/AbdelghaniAJ14;James J. Abbas
reference/cn/AbdelghaniAJ14;Ranu Jung
reference/cn/Prochazka14;Arthur Prochazka
reference/cn/DenhamW14;Susan L. Denham
reference/cn/DenhamW14;István Winkler
reference/cn/BoseN14;Amitabha Bose
reference/cn/BoseN14;Farzan Nadim
reference/cn/Santamaria14;Fidel Santamaría
reference/cn/Eggermont14;Jos J. Eggermont
reference/cn/Fisher14;Lee E. Fisher
reference/cn/Schmidt14;Hartmut Schmidt
reference/cn/AllisonK14;Brendan Z. Allison
reference/cn/AllisonK14;Dean J. Krusienski
reference/cn/Anastasio14;Thomas J. Anastasio
reference/cn/LinaroG14;Daniele Linaro
reference/cn/LinaroG14;Michele Giugliano
reference/cn/MeijS14;Roemer van der Meij
reference/cn/MeijS14;Jan-Mathijs Schoffelen
reference/cn/TelenczukD14;Bartosz Telenczuk
reference/cn/TelenczukD14;Alain Destexhe
reference/cn/LempkaM14;Scott Lempka
reference/cn/LempkaM14;André Machado
reference/cn/Jones14;Mathew Jones
reference/cn/Berger14;Theodore W. Berger
reference/cn/IndiveriD14;Giacomo Indiveri
reference/cn/IndiveriD14;Rodney J. Douglas
reference/cn/Muldoon14;Sarah Feldt Muldoon
reference/cn/LogothetisP14;Nikos K. Logothetis
reference/cn/LogothetisP14;Stefano Panzeri
reference/cn/Graham14;Joseph Graham
reference/cn/He14;Biyu J. He
reference/cn/Rubin14;Jonathan Rubin
reference/cn/Wilson14;Hugh R. Wilson
reference/cn/Nelken14;Israel Nelken
reference/cn/BalasubramanianH14;Karthikeyan Balasubramanian
reference/cn/BalasubramanianH14;Nicholas G. Hatsopoulos
reference/cn/Olifer14;A. V. Olifer
reference/cn/Migliaccio14a;Americo A. Migliaccio
reference/cn/GerasimenkoE14;Yury Gerasimenko
reference/cn/GerasimenkoE14;Victor Reggie Edgerton
reference/cn/Hennig14a;Matthias H. Hennig
reference/cn/Davison14;Andrew Davison
reference/cn/Branner14;Almut Branner
reference/cn/WaxhamC14;M. Neal Waxham
reference/cn/WaxhamC14;Margaret S. Cheung
reference/cn/WeberW014;Douglas J. Weber
reference/cn/WeberW014;Brian Wodlinger
reference/cn/WeberW014;Wei Wang 0037
reference/cn/Denham14;Susan L. Denham
reference/cn/Loeb14;Gerald E. Loeb
reference/cn/DestexheB14;Alain Destexhe
reference/cn/DestexheB14;Claude Bédard
reference/cn/Ward14;Matthew Ward
reference/cn/Bojak14;Ingo Bojak
reference/cn/DaiS14;Chenkai Dai
reference/cn/DaiS14;Charles C. Della Santina
reference/cn/Miller14a;Paul Miller
reference/cn/Frankel14;Mitch Frankel
reference/cn/HillenJ14;Brian Hillen
reference/cn/HillenJ14;Ranu Jung
reference/cn/Yu14a;Angela J. Yu
reference/cn/MorleyC14;John Morley
reference/cn/MorleyC14;Morven Cameron
reference/cn/Lopez-Poveda14;Enrique A. Lopez-Poveda
reference/cn/Sterratt14;David C. Sterratt
reference/cn/Gershman14;Samuel J. Gershman
reference/cn/GleesonSC14;Padraig Gleeson
reference/cn/GleesonSC14;Angus Silver
reference/cn/GleesonSC14;Matteo Cantarelli
reference/cn/Davison14a;Andrew P. Davison
reference/cn/BartolDF14;Thomas M. Bartol
reference/cn/BartolDF14;Markus Dittrich
reference/cn/BartolDF14;James R. Faeder
reference/cn/Jones14a;Stephanie R. Jones
reference/cn/Riera14;Jorge J. Riera
reference/cn/DrionPSS14;Guillaume Drion
reference/cn/DrionPSS14;Fabian Philippart
reference/cn/DrionPSS14;Rodolphe Sepulchre
reference/cn/DrionPSS14;Vincent Seutin
reference/cn/Steyn-RossSS14;D. Alistair Steyn-Ross
reference/cn/Steyn-RossSS14;Moira L. Steyn-Ross
reference/cn/Steyn-RossSS14;Jamie W. Sleigh
reference/cn/PolineK14;Jean-Baptiste Poline
reference/cn/PolineK14;David N. Kennedy
reference/cn/Goldman14;Mark S. Goldman
reference/cn/Hennig14;Matthias H. Hennig
reference/cn/Kaiser14;Marcus Kaiser
reference/cn/EinevollH14;Gaute T. Einevoll
reference/cn/EinevollH14;Geir Halnes
reference/cn/MarascoM14;Addolorata Marasco
reference/cn/MarascoM14;Michele Migliore
reference/cn/PecoraC14;Louis M. Pecora
reference/cn/PecoraC14;Thomas L. Carroll
reference/cn/Torben-Nielsen14;Benjamin Torben-Nielsen
reference/cn/Deneve14;Sophie Denève
reference/cn/Beierholm14a;Ulrik R. Beierholm
reference/cn/Cutsuridis14;Vassilis Cutsuridis
reference/cn/Knosche14a;Thomas R. Knösche
reference/cn/DevonshireZB14;Ian M. Devonshire
reference/cn/DevonshireZB14;Ying Zheng
reference/cn/DevonshireZB14;Jason Berwick
reference/cn/NakagawaD14;Tristan T. Nakagawa
reference/cn/NakagawaD14;Gustavo Deco
reference/cn/DestexheG14;Alain Destexhe
reference/cn/DestexheG14;Joshua A. Goldberg
reference/cn/Yoo14;Paul Yoo
reference/cn/Stein14;Wolfgang Stein
reference/cn/Dimitrov14;Alexander Dimitrov
reference/cn/Gillespie14;Daniel T. Gillespie
reference/cn/Gleeson14;Padraig Gleeson
reference/cn/Berkowitz14;Ari Berkowitz
reference/cn/Shinn-Cunningham14;Barbara G. Shinn-Cunningham
reference/cn/RoslinB14;Mitchell Roslin
reference/cn/RoslinB14;Andrew Brownlee
reference/cn/GaspariniM14;Sonia Gasparini
reference/cn/GaspariniM14;Michele Migliore
reference/cn/MiglioreM14;Michele Migliore
reference/cn/MiglioreM14;Thomas S. McTavish
reference/cn/Herman14;Pawel Andrzej Herman
reference/cn/Destexhe14a;Alain Destexhe
reference/cn/Swindale14;Nicholas V. Swindale
reference/cn/Kingdom14;Frederick A. A. Kingdom
reference/cn/Choe14d;Yoonsuck Choe
reference/cn/Hepburn14;Iain Hepburn
reference/cn/Smolinski14a;Tomasz G. Smolinski
reference/cn/Weiland14a;James D. Weiland
reference/cn/Liley14b;David T. J. Liley
reference/cn/Shew14;Woodrow Shew
reference/cn/McPeek14;Robert McPeek
reference/cn/Harris-Warrick14;Ronald M. Harris-Warrick
reference/cn/Schoner14;Gregor Schöner
reference/cn/FergusonS14a;Katie A. Ferguson
reference/cn/FergusonS14a;Frances K. Skinner
reference/cn/Krapp14;Holger G. Krapp
reference/cn/HowellG14;Bryan Howell
reference/cn/HowellG14;Warren M. Grill
reference/cn/Aw14;Swee T. Aw
reference/cn/BrunelH14;Nicolas Brunel
reference/cn/BrunelH14;Vincent Hakim
reference/cn/CrookGCVS14;Sharon Crook
reference/cn/CrookGCVS14;Padraig Gleeson
reference/cn/CrookGCVS14;Robert C. Cannon
reference/cn/CrookGCVS14;Michael Vella
reference/cn/CrookGCVS14;Angus Silver
reference/cn/SennP14a;Walter Senn
reference/cn/SennP14a;Jean-Pascal Pfister
reference/cn/SchwedhelmT14;Philipp Schwedhelm
reference/cn/SchwedhelmT14;Stefan Treue
reference/cn/Roberts14a;Patrick Roberts
reference/cn/Goodhill14;Geoffrey J. Goodhill
reference/cn/Geit14a;Werner Van Geit
reference/cn/Dahlem14;Markus A. Dahlem
reference/cn/Nadim14;Farzan Nadim
reference/cn/GoodmanB14;Dan F. M. Goodman
reference/cn/GoodmanB14;Romain Brette
reference/cn/Marc14;Robert E. Marc
reference/cn/Pei14;Yu-Cheng Pei
reference/cn/HoriuchiM14;Timothy K. Horiuchi
reference/cn/HoriuchiM14;Tarek M. Massoud
reference/cn/SongB14;Dong Song
reference/cn/SongB14;Theodore W. Berger
reference/cn/Holmes14g;William R. Holmes
reference/cn/Venugopal14b;Sharmila Venugopal
reference/cn/ButeraN14;Robert J. Butera
reference/cn/ButeraN14;Sharon E. Norman
reference/cn/Ozaki14;Tohru Ozaki
reference/cn/Choe14b;Yoonsuck Choe
reference/cn/Holmes14;William R. Holmes
reference/cn/Sanborn14;Adam N. Sanborn
reference/cn/Poirazi14;Panayiota Poirazi
reference/cn/Fernandez14;Eduardo Fernandez
reference/cn/Matveev14a;Victor Matveev
reference/cn/LiuS14;Shih-Chii Liu
reference/cn/LiuS14;André van Schaik
reference/cn/SantamariaM14a;Fidel Santamaría
reference/cn/SantamariaM14a;Emmanuel A. Michaelides
reference/cn/AckermannB14;D. Michael Ackermann
reference/cn/AckermannB14;Niloy Bhadra
reference/cn/Gleeson14a;Padraig Gleeson
reference/cn/Anastassiou14;Costas A. Anastassiou
reference/cn/ChoeKMA14;Yoonsuck Choe
reference/cn/ChoeKMA14;Jaerock Kwon
reference/cn/ChoeKMA14;David Mayerich
reference/cn/ChoeKMA14;Louise C. Abbott
reference/cn/Kim14;Sung Soo Kim
reference/cn/Gerstein14a;George L. Gerstein
reference/cn/LyttonM14;William W. Lytton
reference/cn/LyttonM14;Robert A. McDougal
reference/cn/Holmes14c;William R. Holmes
reference/cn/YuBNHN14;Tommy Yu
reference/cn/YuBNHN14;Randall D. Britten
reference/cn/YuBNHN14;David P. Nickerson
reference/cn/YuBNHN14;Peter J. Hunter
reference/cn/YuBNHN14;Poul M. F. Nielsen
reference/cn/Romero-Ortega14a;Mario I. Romero-Ortega
reference/cn/Edelstein14;Stuart Edelstein
reference/cn/Schmuker14;Michael Schmuker
reference/cn/BarrettS14;Adam B. Barrett
reference/cn/BarrettS14;Anil K. Seth
reference/cn/GutigS14;Robert Gütig
reference/cn/GutigS14;Haim Sompolinsky
reference/cn/ButeraM14;Robert J. Butera
reference/cn/ButeraM14;Kendall Morris
reference/cn/Nolan14;Matthew F. Nolan
reference/cn/PressnitzerAS14;Daniel Pressnitzer
reference/cn/PressnitzerAS14;Trevor R. Agus
reference/cn/PressnitzerAS14;Clara Suied
reference/cn/Stanford14;Terrence R. Stanford
reference/cn/Canavier14;Carmen C. Canavier
reference/cn/Eglen14;Stephen J. Eglen
reference/cn/KlassenC14;Tara Klassen
reference/cn/KlassenC14;Tim T. Chen
reference/cn/HuysCS14;Quentin J. M. Huys
reference/cn/HuysCS14;Anthony Cruickshank
reference/cn/HuysCS14;Peggy Seriès
reference/cn/Cannon14;Robert Cannon
reference/cn/Milton14;John Milton
reference/cn/Terman14;David Terman
reference/cn/FisherW14;Lee E. Fisher
reference/cn/FisherW14;Douglas J. Weber
reference/cn/NeymotinTML14;Samuel A. Neymotin
reference/cn/NeymotinTML14;Zachary Taxin
reference/cn/NeymotinTML14;Ashutosh Mohan
reference/cn/NeymotinTML14;Peter Lipton
reference/cn/Egelhaaf14;Martin Egelhaaf
reference/opt/Brandeau09;Margaret L. Brandeau
reference/opt/VassiliadisC09c;Vassilios S. Vassiliadis
reference/opt/VassiliadisC09c;Raúl Conejeros
reference/opt/TrafalisK09;Theodore B. Trafalis
reference/opt/TrafalisK09;Suat Kasap
reference/opt/Pitsoulis09;Leonidas S. Pitsoulis
reference/opt/RaiV09;Sanatan Rai
reference/opt/RaiV09;George L. Vairaktarakis
reference/opt/Pardalos09a;Panos M. Pardalos
reference/opt/KortanekM09;Kenneth O. Kortanek
reference/opt/KortanekM09;Vladimir G. Medvedev
reference/opt/HigleS09;Julia L. Higle
reference/opt/HigleS09;Suvrajeet Sen
reference/opt/Kruger09a;Alexander Y. Kruger
reference/opt/Anastassiou09;George A. Anastassiou
reference/opt/Nagurney09b;Anna Nagurney
reference/opt/Nielsen09;Søren S. Nielsen
reference/opt/ZilinskasZ09;Antanas Zilinskas
reference/opt/ZilinskasZ09;Julius Zilinskas
reference/opt/HaftkaS09;Raphael T. Haftka
reference/opt/HaftkaS09;Jaroslaw Sobieszczanski-Sobieski
reference/opt/Pelillo09;Marcello Pelillo
reference/opt/Zhu09;Yushan Zhu
reference/opt/Watson09a;Layne T. Watson
reference/opt/Lucia09;Angelo Lucia
reference/opt/Pflug09;Georg Ch. Pflug
reference/opt/ZamoraG09;Juan M. Zamora
reference/opt/ZamoraG09;Ignacio E. Grossmann
reference/opt/HansenM09;Pierre Hansen
reference/opt/HansenM09;Nenad Mladenovic
reference/opt/GounarisWF09;Chrysanthos E. Gounaris
reference/opt/GounarisWF09;James Wei
reference/opt/GounarisWF09;Christodoulos A. Floudas
reference/opt/EvstigneevF09;Igor V. Evstigneev
reference/opt/EvstigneevF09;Sjur Didrik Flåm
reference/opt/Kostreva09;Michael M. Kostreva
reference/opt/Shalloway09;David Shalloway
reference/opt/EspositoF09;William R. Esposito
reference/opt/EspositoF09;Christodoulos A. Floudas
reference/opt/BischofH09;Christian H. Bischof
reference/opt/BischofH09;Paul D. Hovland
reference/opt/Zabinsky09a;Zelda B. Zabinsky
reference/opt/KaplanT09;Alexander Kaplan
reference/opt/KaplanT09;Rainer Tichatschke
reference/opt/Fiacco09;Anthony V. Fiacco
reference/opt/Ye09;Yinyu Ye
reference/opt/Roos09b;Kees Roos
reference/opt/Murli09;Almerico Murli
reference/opt/Lucia09c;Angelo Lucia
reference/opt/Leopold-WildburgerBK09;Ulrike Leopold-Wildburger
reference/opt/Leopold-WildburgerBK09;Otwin Becker
reference/opt/Leopold-WildburgerBK09;Martin Kuehrer
reference/opt/Sivazlian09;B. D. Sivazlian
reference/opt/Hansmann09;Ulrich H. E. Hansmann
reference/opt/Anstreicher09a;Kurt M. Anstreicher
reference/opt/Lawphongpanich09b;Siriphong Lawphongpanich
reference/opt/Voss09a;Stefan Voß
reference/opt/Zilinskas09;Antanas Zilinskas
reference/opt/ZopounidisD09;Constantin Zopounidis
reference/opt/ZopounidisD09;Michael Doumpos
reference/opt/Gutin09a;Gregory Gutin
reference/opt/Borgwardt09;Karl Heinz Borgwardt
reference/opt/Yajima09a;Yasutoshi Yajima
reference/opt/Moore09a;Ramon E. Moore
reference/opt/MonnigmannM09;Martin Mönnigmann
reference/opt/MonnigmannM09;Wolfgang Marquardt
reference/opt/CifarelliGP09;Claudio Cifarelli
reference/opt/CifarelliGP09;Laura Di Giacomo
reference/opt/CifarelliGP09;Giacomo Patrizi
reference/opt/Klatte09a;Diethard Klatte
reference/opt/Busygin09;Stanislav Busygin
reference/opt/Yajima09;Yasutoshi Yajima
reference/opt/SmithS09;Alexander Barton Smith
reference/opt/SmithS09;Nikolaos V. Sahinidis
reference/opt/Pinar09;Mustafa Ç. Pinar
reference/opt/Olson09;David L. Olson
reference/opt/Escudero09;Laureano F. Escudero
reference/opt/Rubin09;Paul A. Rubin
reference/opt/Lucia09a;Angelo Lucia
reference/opt/ChardaireL09;Pierre Chardaire
reference/opt/ChardaireL09;Abdel Lisser
reference/opt/FungF09;Ho Ki Fung
reference/opt/FungF09;Christodoulos A. Floudas
reference/opt/Tits09;André L. Tits
reference/opt/Stavroulakis09;Georgios E. Stavroulakis
reference/opt/CommanderRY09;Clayton W. Commander
reference/opt/CommanderRY09;Michelle A. Ragle
reference/opt/CommanderRY09;Yinyu Ye
reference/opt/Dunn09;Joseph C. Dunn
reference/opt/Kobler09;Daniel Kobler
reference/opt/Dixon09a;Laurence C. Dixon
reference/opt/Bomze09b;Immanuel M. Bomze
reference/opt/Gehrlein09;William V. Gehrlein
reference/opt/Isac09;George Isac
reference/opt/KundakciogluA09;O. Erhun Kundakcioglu
reference/opt/KundakciogluA09;Saed Alizamir
reference/opt/AdjimanF09;Claire S. Adjiman
reference/opt/AdjimanF09;Christodoulos A. Floudas
reference/opt/Nagurney09;Anna Nagurney
reference/opt/Tuy09;Hoang Tuy
reference/opt/FanC09;Ya-Ju Fan
reference/opt/FanC09;Wanpracha Art Chaovalitwongse
reference/opt/StillW09a;Claus Still
reference/opt/StillW09a;Tapio Westerlund
reference/opt/Festa09c;Paola Festa
reference/opt/Lowe09;Timothy J. Lowe
reference/opt/DuaP09e;Vivek Dua
reference/opt/DuaP09e;Efstratios N. Pistikopoulos
reference/opt/Korotkikh09;Victor Korotkikh
reference/opt/ShiO09;Leyuan Shi
reference/opt/ShiO09;Sigurdur Ólafsson
reference/opt/Rebennack09a;Steffen Rebennack
reference/opt/Onn09;Shmuel Onn
reference/opt/Marti09;Kurt Marti
reference/opt/Kostreva09a;Michael M. Kostreva
reference/opt/Zabinsky09;Zelda B. Zabinsky
reference/opt/Ermoliev09;Yuri M. Ermoliev
reference/opt/Beasley09;John E. Beasley
reference/opt/SanchezT09;Salvador Nieto Sánchez
reference/opt/SanchezT09;Evangelos Triantaphyllou
reference/opt/JongenRS09;Hubertus Th. Jongen
reference/opt/JongenRS09;Jan-J. Rückmann
reference/opt/JongenRS09;Oliver Stein
reference/opt/LeeG09;Eva K. Lee
reference/opt/LeeG09;Kapil Gupta
reference/opt/Androulakis09f;Ioannis P. Androulakis
reference/opt/CambiniM09;Alberto Cambini
reference/opt/CambiniM09;Laura Martein
reference/opt/Mohebi09;Hossein Mohebi
reference/opt/Hurlimann09;Tony Hürlimann
reference/opt/Danninger-Uchida09a;Gabriele E. Danninger-Uchida
reference/opt/Dye09;Shane Dye
reference/opt/Okamoto09;Yuko Okamoto
reference/opt/Marinaki09;Magdalene Marinaki
reference/opt/ParpasR09c;Panos Parpas
reference/opt/ParpasR09c;Berç Rustem
reference/opt/Luus09d;Rein Luus
reference/opt/ShaikF09a;Munawar A. Shaik
reference/opt/ShaikF09a;Christodoulos A. Floudas
reference/opt/Krabs09;Werner Krabs
reference/opt/LeeM09;Eva K. Lee
reference/opt/LeeM09;John E. Mitchell
reference/opt/CaparE09;Ismail Capar
reference/opt/CaparE09;Burak Eksioglu
reference/opt/Lepp09a;Riho Lepp
reference/opt/AhmedS09;Shabbir Ahmed
reference/opt/AhmedS09;Nikolaos V. Sahinidis
reference/opt/Giacomo09a;Laura Di Giacomo
reference/opt/Androulakis09a;Ioannis P. Androulakis
reference/opt/Phillips09;Andrew T. Phillips
reference/opt/Maaren09;Hans van Maaren
reference/opt/Haddad09;Caroline N. Haddad
reference/opt/Lawphongpanich09a;Siriphong Lawphongpanich
reference/opt/Wolkowicz09;Henry Wolkowicz
reference/opt/Enge09;Andreas Enge
reference/opt/GramaK09;Ananth Grama
reference/opt/GramaK09;Vipin Kumar
reference/opt/ShortS09;Erika J. Short
reference/opt/ShortS09;Oleg V. Shylo
reference/opt/DuaP09;Vivek Dua
reference/opt/DuaP09;Efstratios N. Pistikopoulos
reference/opt/Pflug09a;Georg Ch. Pflug
reference/opt/Deng09a;Xiaotie Deng
reference/opt/LeeW09;Eva K. Lee
reference/opt/LeeW09;Tsung-Lin Wu
reference/opt/Eksioglu09b;Sandra Duni Eksioglu
reference/opt/Kearfott09c;R. Baker Kearfott
reference/opt/DuaP09b;Vivek Dua
reference/opt/DuaP09b;Efstratios N. Pistikopoulos
reference/opt/Mammadov09a;Musa A. Mammadov
reference/opt/Vemulapati09a;Udaya Bhaskar Vemulapati
reference/opt/Andrei09a;Neculai Andrei
reference/opt/Thoai09;Nguyen V. Thoai
reference/opt/BarnhartKV09;Cynthia Barnhart
reference/opt/BarnhartKV09;Niranjan Krishnan
reference/opt/BarnhartKV09;Pamela H. Vance
reference/opt/VuralE09a;Arif Volkan Vural
reference/opt/VuralE09a;Burak Eksioglu
reference/opt/EgleseL09;Richard W. Eglese
reference/opt/EgleseL09;Adam N. Letchford
reference/opt/Drezner09;Tammy Drezner
reference/opt/Wood09;Graham Wood
reference/opt/Jeyakumar09a;V. Jeyakumar
reference/opt/ErlebachJKP09;Thomas Erlebach
reference/opt/ErlebachJKP09;Klaus Jansen
reference/opt/ErlebachJKP09;Christos Kaklamanis
reference/opt/ErlebachJKP09;Giuseppe Persiano
reference/opt/Stavroulakis09i;Georgios E. Stavroulakis
reference/opt/Pardalos09c;Panos M. Pardalos
reference/opt/GaganisZ09;Chrysovalantis Gaganis
reference/opt/GaganisZ09;Constantin Zopounidis
reference/opt/FloudasHI09;Christodoulos A. Floudas
reference/opt/FloudasHI09;S. T. Harding
reference/opt/FloudasHI09;Marianthi G. Ierapetritou
reference/opt/Vlerk09;Maarten H. van der Vlerk
reference/opt/Maier09;Helmut Maier
reference/opt/Xanthopoulos09;Petros Xanthopoulos
reference/opt/Spedicato09;Emilio Spedicato
reference/opt/BoardSZ09a;John L. G. Board
reference/opt/BoardSZ09a;Charles M. S. Sutcliffe
reference/opt/BoardSZ09a;William T. Ziemba
reference/opt/Androulakis09;Ioannis P. Androulakis
reference/opt/Zopounidis09;Constantin Zopounidis
reference/opt/Murphey09;Robert Murphey
reference/opt/Cieslik09;Dietmar Cieslik
reference/opt/TawarmalaniS09;Mohit Tawarmalani
reference/opt/TawarmalaniS09;Nikolaos V. Sahinidis
reference/opt/Tuy09a;Hoang Tuy
reference/opt/Festa09;Paola Festa
reference/opt/FestaPR09;Paola Festa
reference/opt/FestaPR09;Panos M. Pardalos
reference/opt/FestaPR09;Mauricio G. C. Resende
reference/opt/Lim09;Gino J. Lim
reference/opt/KostrevaL09;Michael M. Kostreva
reference/opt/KostrevaL09;Laura C. Lancaster
reference/opt/HadjisavvasP09;Nicolas Hadjisavvas
reference/opt/HadjisavvasP09;Panos M. Pardalos
reference/opt/HubertAM09;Lawrence J. Hubert
reference/opt/HubertAM09;Phipps Arabie
reference/opt/HubertAM09;Jacqueline J. Meulman
reference/opt/Calvin09;James M. Calvin
reference/opt/Festa09b;Paola Festa
reference/opt/Maranas09;Costas D. Maranas
reference/opt/Craven09;Bruce D. Craven
reference/opt/Bagirov09b;Adil M. Bagirov
reference/opt/Minoux09;Michel Minoux
reference/opt/Brannlund09a;Ulf Brännlund
reference/opt/SheraliL09;Hanif D. Sherali
reference/opt/SheraliL09;Leo Liberti
reference/opt/Holmberg09b;Kaj Holmberg
reference/opt/Mondaini09;Rubem P. Mondaini
reference/opt/Terlaky09a;Tamás Terlaky
reference/opt/Ermoliev09c;Yuri M. Ermoliev
reference/opt/YuT09;Gang Yu
reference/opt/YuT09;Benjamin G. Thengvall
reference/opt/KlepeisF09;John L. Klepeis
reference/opt/KlepeisF09;Christodoulos A. Floudas
reference/opt/DuaP09a;Vivek Dua
reference/opt/DuaP09a;Efstratios N. Pistikopoulos
reference/opt/Hatzinakos09;Dimitrios Hatzinakos
reference/opt/Vavasis09a;Stephen A. Vavasis
reference/opt/Bertsekas09a;Dimitri P. Bertsekas
reference/opt/FrauendorferS09a;Karl Frauendorfer
reference/opt/FrauendorferS09a;Michael Schürle
reference/opt/ZopounidisD09b;Constantin Zopounidis
reference/opt/ZopounidisD09b;Michael Doumpos
reference/opt/BrimbergW09;Jack Brimberg
reference/opt/BrimbergW09;George O. Wesolowsky
reference/opt/SchweigerF09;Carl A. Schweiger
reference/opt/SchweigerF09;Christodoulos A. Floudas
reference/opt/Mockus09;Jonas Mockus
reference/opt/Bomze09c;Immanuel M. Bomze
reference/opt/Kearfott09;R. Baker Kearfott
reference/opt/Fischer09;Herbert Fischer
reference/opt/XieS09;Wei Xie
reference/opt/XieS09;Nikolaos V. Sahinidis
reference/opt/HamacherN09;Horst W. Hamacher
reference/opt/HamacherN09;Stefan Nickel
reference/opt/Lucia09f;Angelo Lucia
reference/opt/CervantesB09;Arturo Cervantes
reference/opt/CervantesB09;Lorenz T. Biegler
reference/opt/Ubhaya09a;Vasant A. Ubhaya
reference/opt/Reinefeld09;Alexander Reinefeld
reference/opt/Pflug09b;Georg Ch. Pflug
reference/opt/Nagurney09h;Anna Nagurney
reference/opt/Shapiro09;Alexander Shapiro
reference/opt/Korhonen09;Pekka J. Korhonen
reference/opt/LouveauxB09b;François V. Louveaux
reference/opt/LouveauxB09b;John R. Birge
reference/opt/Furer09;Martin Fürer
reference/opt/GoelevenM09a;Daniel Goeleven
reference/opt/GoelevenM09a;Dumitru Motreanu
reference/opt/Nagurney09c;Anna Nagurney
reference/opt/MistakidisS09;Euripidis Mistakidis
reference/opt/MistakidisS09;Georgios E. Stavroulakis
reference/opt/Stavroulakis09d;Georgios E. Stavroulakis
reference/opt/SenH09;Suvrajeet Sen
reference/opt/SenH09;Julia L. Higle
reference/opt/StavroulakisM09;Georgios E. Stavroulakis
reference/opt/StavroulakisM09;Euripidis Mistakidis
reference/opt/Sagastizabal09;Claudia A. Sagastizábal
reference/opt/TorvikT09;Vetle I. Torvik
reference/opt/TorvikT09;Evangelos Triantaphyllou
reference/knowledge/PaukertNH11;Marco Paukert
reference/knowledge/PaukertNH11;Claudia Niederée
reference/knowledge/PaukertNH11;Matthias Hemmje
reference/knowledge/BolisaniS11;Ettore Bolisani
reference/knowledge/BolisaniS11;Enrico Scarso
reference/knowledge/HolsappleJ11;Clyde W. Holsapple
reference/knowledge/HolsappleJ11;Kshiti D. Joshi
reference/knowledge/Fong11;Patrick Fong
reference/knowledge/Vat11;Kam Vat
reference/knowledge/Zyngier11;Suzanne Zyngier
reference/knowledge/Dori11;Dov Dori
reference/knowledge/TovstigaKDM11;George Tovstiga
reference/knowledge/TovstigaKDM11;Len Korot
reference/knowledge/TovstigaKDM11;Leo-Paul Dana
reference/knowledge/TovstigaKDM11;Gerard McElwee
reference/knowledge/AndreuS11;Rafael Andreu
reference/knowledge/AndreuS11;Sandra Sieber
reference/knowledge/CroasdellW11;David T. Croasdell
reference/knowledge/CroasdellW11;Y. Ken Wang
reference/knowledge/WoodsPKQ11;Steve Woods
reference/knowledge/WoodsPKQ11;Steve Poteet
reference/knowledge/WoodsPKQ11;Anne Kao
reference/knowledge/WoodsPKQ11;Lesley Quach
reference/knowledge/FinkD11;Dieter Fink
reference/knowledge/FinkD11;Georg Disterer
reference/knowledge/Jennex11;Murray Jennex
reference/knowledge/Williams11;Roy Williams
reference/knowledge/MartinsonsD11;Maris G. Martinsons
reference/knowledge/MartinsonsD11;Robert M. Davison
reference/knowledge/Andriessen11;Daniel Andriessen
reference/knowledge/NissenL11;Mark E. Nissen
reference/knowledge/NissenL11;Raymond E. Levitt
reference/knowledge/Butler11;Tom Butler
reference/knowledge/Hsu11;H. Hsu
reference/knowledge/BoersmaK11;Kees Boersma
reference/knowledge/BoersmaK11;Sytze Kingma
reference/knowledge/SuC11;Sueh Ing Su
reference/knowledge/SuC11;Raymond Chiong
reference/knowledge/FerriG11;Fernando Ferri
reference/knowledge/FerriG11;Patrizia Grifoni
reference/knowledge/KamthanP11;Pankaj Kamthan
reference/knowledge/KamthanP11;Hsueh-Ieng Pai
reference/knowledge/GillmanF11;Daniel W. Gillman
reference/knowledge/GillmanF11;Frank Farance
reference/knowledge/Abril11a;Raul M. Abril
reference/knowledge/Becerra-FernandezS11;Irma Becerra-Fernandez
reference/knowledge/Becerra-FernandezS11;Rajiv Sabherwal
reference/knowledge/XuW11;Dongming Xu
reference/knowledge/XuW11;Huaiqing Wang
reference/knowledge/Oshri11;Ilan Oshri
reference/knowledge/Dieng-Kuntz11;Rose Dieng-Kuntz
reference/knowledge/TauberS11;Doron Tauber
reference/knowledge/TauberS11;David G. Schwartz
reference/knowledge/TsekourasR11;George Tsekouras
reference/knowledge/TsekourasR11;George Roussos
reference/knowledge/RealLR11;Juan Real
reference/knowledge/RealLR11;Antonio Leal
reference/knowledge/RealLR11;Jose Roldan
reference/knowledge/GreenawayV11;Kathleen Greenaway
reference/knowledge/GreenawayV11;David Vuong
reference/knowledge/ColucciNSDM11;Simona Colucci
reference/knowledge/ColucciNSDM11;Tommaso Di Noia
reference/knowledge/ColucciNSDM11;Eugenio Di Sciascio
reference/knowledge/ColucciNSDM11;Francesco M. Donini
reference/knowledge/ColucciNSDM11;Marina Mongiello
reference/knowledge/ShullFSL11;Forrest Shull
reference/knowledge/ShullFSL11;Raimund L. Feldmann
reference/knowledge/ShullFSL11;Michelle Shaw
reference/knowledge/ShullFSL11;Michelle Lambert
reference/knowledge/Manville11;Brook Manville
reference/knowledge/Jennex11a;Murray Jennex
reference/knowledge/Vat11a;Kam Vat
reference/knowledge/NatarajanS11;Rajesh Natarajan
reference/knowledge/NatarajanS11;B. Shekar
reference/knowledge/HolsappleJ11a;Clyde W. Holsapple
reference/knowledge/HolsappleJ11a;Kiku Jones
reference/knowledge/Douglas11;Ian Douglas
reference/knowledge/Hasan11;Helen Hasan
reference/knowledge/Zarri11b;Gian Zarri
reference/knowledge/DavenportH11a;Daniel Davenport
reference/knowledge/DavenportH11a;Clyde W. Holsapple
reference/knowledge/KhanGG11;Shiraj Khan
reference/knowledge/KhanGG11;Auroop Ganguly
reference/knowledge/KhanGG11;Amar Gupta
reference/knowledge/WilsonRA11;Rick L. Wilson
reference/knowledge/WilsonRA11;Peter A. Rosen
reference/knowledge/WilsonRA11;Mohammad Al-Ahmadi
reference/knowledge/Ma11;Z. Ma
reference/knowledge/Sparrow11;John Sparrow
reference/knowledge/FullerW11;Christie M. Fuller
reference/knowledge/FullerW11;Rick L. Wilson
reference/knowledge/CorralLL11;Karen Corral
reference/knowledge/CorralLL11;Ryan C. LaBrie
reference/knowledge/CorralLL11;Robert D. St. Louis
reference/knowledge/Zarri11;Gian Zarri
reference/knowledge/Sivakumar11;Shyamala Sivakumar
reference/knowledge/Ein-Dor11;Phillip Ein-Dor
reference/knowledge/CarvalhoF11;Rodrigo Baroni de Carvalho
reference/knowledge/CarvalhoF11;Marta Araújo Tavares Ferreira
reference/knowledge/BrockZ11;Jürgen Brock
reference/knowledge/BrockZ11;Yu Zhou
reference/knowledge/Zarri11a;Gian Zarri
reference/knowledge/Aarons11;Jeremy Aarons
reference/knowledge/BoyB11;Guy A. Boy
reference/knowledge/BoyB11;Yvonne Barnard
reference/knowledge/Hofer11;Franz Hofer
reference/knowledge/Paquette11;Scott Paquette
reference/knowledge/CostaOS11;Viviane Farias da Costa
reference/knowledge/CostaOS11;Jonice Oliveira
reference/knowledge/CostaOS11;Jano Moreira de Souza
reference/knowledge/RyanS11;Geraldine Ryan
reference/knowledge/RyanS11;Edward Shinnick
reference/knowledge/UpadhyayaRP11;Shambhu J. Upadhyaya
reference/knowledge/UpadhyayaRP11;H. Raghav Rao
reference/knowledge/UpadhyayaRP11;G. Padmanabhan
reference/knowledge/Tanner11;Kerry Tanner
reference/knowledge/KankanhalliTW11;Atreyi Kankanhalli
reference/knowledge/KankanhalliTW11;Bernard C. Y. Tan
reference/knowledge/KankanhalliTW11;Kwok Kee Wei
reference/knowledge/Zhang11;Zuopeng Zhang
reference/knowledge/Farmer11;William M. Farmer
reference/knowledge/EpplerB11;Martin J. Eppler
reference/knowledge/EpplerB11;Remo Aslak Burkhard
reference/knowledge/DerballaP11;Volker Derballa
reference/knowledge/DerballaP11;Key Pousttchi
reference/knowledge/Pachet11;François Pachet
reference/knowledge/Wickramasinghe11;Nilmini Wickramasinghe
reference/knowledge/HadrichM11;Thomas Hädrich
reference/knowledge/HadrichM11;Ronald Maier
reference/knowledge/Williams11a;Roy Williams
reference/knowledge/ErgazakisME11;Konstantinos Ergazakis
reference/knowledge/ErgazakisME11;Kostas S. Metaxiotis
reference/knowledge/ErgazakisME11;Emmanouil Ergazakis
reference/knowledge/RibiereR11;Vincent M. Ribière
reference/knowledge/RibiereR11;Juan A. Román
reference/knowledge/ScarsoB11;Enrico Scarso
reference/knowledge/ScarsoB11;Ettore Bolisani
reference/knowledge/Zeleznikow11;John Zeleznikow
reference/knowledge/AliWP11;Irena M. Ali
reference/knowledge/AliWP11;Leoni Warne
reference/knowledge/AliWP11;Celina Pascoe
reference/knowledge/CristaniC11;Matteo Cristani
reference/knowledge/CristaniC11;Roberta Cuel
reference/knowledge/Dingsoyr11;Torgeir Dingsøyr
reference/knowledge/FortierK11;Jean-Yves Fortier
reference/knowledge/FortierK11;Gilles Kassel
reference/knowledge/LandAN11;Frank Land
reference/knowledge/LandAN11;Urooj Amjad
reference/knowledge/LandAN11;Sevasti-Melissa Nolas
reference/knowledge/Berztiss11a;Alfs T. Berztiss
reference/knowledge/KulkarniF11;Uday R. Kulkarni
reference/knowledge/KulkarniF11;Ronald D. Freeze
reference/knowledge/NelsonH11;Reed Nelson
reference/knowledge/NelsonH11;H. Y. Hsu
reference/knowledge/King11a;William King
reference/knowledge/Metaxiotis11;Kostas S. Metaxiotis
reference/knowledge/DekkerH11;David Dekker
reference/knowledge/DekkerH11;Paul H. J. Hendriks
reference/knowledge/EkbiaH11;Hamid R. Ekbia
reference/knowledge/EkbiaH11;Noriko Hara
reference/knowledge/EricksonR11;G. Scott Erickson
reference/knowledge/EricksonR11;Helen N. Rothberg
reference/knowledge/YanivS11;Eyal Yaniv
reference/knowledge/YanivS11;David G. Schwartz
reference/knowledge/GoldsmithP11;Ronald Goldsmith
reference/knowledge/GoldsmithP11;Kishore Pillai
reference/knowledge/BerendsBW11;Hans Berends
reference/knowledge/BerendsBW11;Hans van der Bij
reference/knowledge/BerendsBW11;Mathieu Weggeman
reference/knowledge/ImbermanT11;Susan P. Imberman
reference/knowledge/ImbermanT11;Abdullah Uz Tansel
reference/knowledge/Jacobson11;Carolyn Jacobson
reference/knowledge/Leung11;Nelson Leung
reference/knowledge/Munkvold11;Glenn Munkvold
reference/knowledge/Parkeri11;Kevin R. Parker
reference/knowledge/Parkeri11;Philip S. Nitse
reference/knowledge/Berztiss11;Alfs T. Berztiss
reference/knowledge/Wijnhoven11;Fons Wijnhoven
reference/knowledge/King11;William King
reference/knowledge/Ariely11;Gil Ariely
reference/knowledge/Carrion11;Gabriel Cepeda Carrion
reference/knowledge/Parise11;Salvatore Parise
reference/knowledge/Connell11;Nigel Connell
reference/knowledge/Saunders11;Chad Saunders
reference/knowledge/ReychavW11;Iris Reychav
reference/knowledge/ReychavW11;Jacob Weisberg
reference/knowledge/KamthanF11;Pankaj Kamthan
reference/knowledge/KamthanF11;Terrill Fancott
reference/knowledge/BursteinL11;Frada Burstein
reference/knowledge/BursteinL11;Henry Linger
reference/knowledge/DavenportH11;Daniel Davenport
reference/knowledge/DavenportH11;Clyde W. Holsapple
reference/knowledge/Hendriks11;Paul H. J. Hendriks
reference/knowledge/Schwartz11;David G. Schwartz
reference/knowledge/AtkinsonB11;Barry Atkinson
reference/knowledge/AtkinsonB11;Frada Burstein
reference/knowledge/Paquette11a;Scott Paquette
reference/knowledge/LandAN11a;Frank Land
reference/knowledge/LandAN11a;Urooj Amjad
reference/knowledge/LandAN11a;Sevasti-Melissa Nolas
reference/knowledge/JasimuddinCK11;Sajjad M. Jasimuddin
reference/knowledge/JasimuddinCK11;N. A. D. Connell
reference/knowledge/JasimuddinCK11;Jonathan H. Klein
reference/knowledge/Buchholz11;William Buchholz
reference/knowledge/Ariely11a;Gil Ariely
reference/knowledge/CuelBB11;Roberta Cuel
reference/knowledge/CuelBB11;Paolo Bouquet
reference/knowledge/CuelBB11;Matteo Bonifacio
reference/knowledge/ButlerM11;Tom Butler
reference/knowledge/ButlerM11;Ciaran Murphy
reference/knowledge/Lindsey11;Keith Lindsey
reference/knowledge/Sacco11;Giovanni Maria Sacco
reference/knowledge/HendriksS11;Paul H. J. Hendriks
reference/knowledge/HendriksS11;Célio A. A. Sousa
reference/knowledge/Shaw11;Duncan Shaw
reference/knowledge/DerballaP11a;Volker Derballa
reference/knowledge/DerballaP11a;Key Pousttchi
reference/knowledge/Badia11;Antonio Badia
reference/knowledge/CoakesC11;Elayne W. Coakes
reference/knowledge/CoakesC11;Steve Clarke
reference/knowledge/CamisonFF11;César Camisón
reference/knowledge/CamisonFF11;Beatriz Forés
reference/knowledge/CamisonFF11;María Fabra
reference/knowledge/Newell11;Sue Newell
reference/knowledge/Eppler11;Martin J. Eppler
reference/knowledge/KraaijenbrinkW11;Jeroen Kraaijenbrink
reference/knowledge/KraaijenbrinkW11;Fons Wijnhoven
reference/knowledge/WilsonRA11a;Rick L. Wilson
reference/knowledge/WilsonRA11a;Peter A. Rosen
reference/knowledge/WilsonRA11a;Mohammad Al-Ahmadi
reference/knowledge/MaierH11;Ronald Maier
reference/knowledge/MaierH11;Thomas Hädrich
reference/knowledge/Teeni11;Dov Te'eni
reference/knowledge/Snowden11;Dave Snowden
reference/knowledge/RechFR11;Jörg Rech
reference/knowledge/RechFR11;Raimund L. Feldmann
reference/knowledge/RechFR11;Eric Ras
reference/knowledge/RodriguezE11;Eduardo Rodriguez
reference/knowledge/RodriguezE11;John Edwards
reference/knowledge/ShariqV11;Syed Shariq
reference/knowledge/ShariqV11;Morten Thanning Vendelø
reference/knowledge/Prat11;Nicolas Prat
reference/knowledge/Sterling11;Leon Sterling
reference/knowledge/GrantM11;John Grant
reference/knowledge/GrantM11;Jack Minker
reference/knowledge/HallC11;Dianne Hall
reference/knowledge/HallC11;David T. Croasdell
reference/knowledge/Maule11;R. Maule
reference/knowledge/Abril11;Raul M. Abril
reference/knowledge/HeavinN11;Ciara Heavin
reference/knowledge/HeavinN11;Karen Neville
reference/dlhandbook/Yen09;Han Lee Yen
reference/dlhandbook/ThengLNFG09;Yin Leng Theng
reference/dlhandbook/ThengLNFG09;Nyein Chan Lwin Lwin
reference/dlhandbook/ThengLNFG09;Jin-Cheon Na
reference/dlhandbook/ThengLNFG09;Schubert Foo
reference/dlhandbook/ThengLNFG09;Dion Hoe-Lian Goh
reference/dlhandbook/NaTGTF09;Jin-Cheon Na
reference/dlhandbook/NaTGTF09;Tun Thura Thet
reference/dlhandbook/NaTGTF09;Dion Hoe-Lian Goh
reference/dlhandbook/NaTGTF09;Yin Leng Theng
reference/dlhandbook/NaTGTF09;Schubert Foo
reference/dlhandbook/Stamou09;Sofia Stamou
reference/dlhandbook/YangWPO09;Seungwon Yang
reference/dlhandbook/YangWPO09;Barbara M. Wildemuth
reference/dlhandbook/YangWPO09;Jeffrey Pomerantz
reference/dlhandbook/YangWPO09;Sanghee Oh
reference/dlhandbook/KimaniPCA09;Stephen Kimani
reference/dlhandbook/KimaniPCA09;Emanuele Panizzi
reference/dlhandbook/KimaniPCA09;Tiziana Catarci
reference/dlhandbook/KimaniPCA09;Marhgerita Antona
reference/dlhandbook/NeumayerR09;Robert Neumayer
reference/dlhandbook/NeumayerR09;Andreas Rauber
reference/dlhandbook/Saravani09;Sarah-Jane Saravani
reference/dlhandbook/DollahS09;Wan Ab. Kadir Wan Dollah
reference/dlhandbook/DollahS09;Diljit Singh
reference/dlhandbook/ChudamaniN09;K. S. Chudamani
reference/dlhandbook/ChudamaniN09;H. C. Nagarathna
reference/dlhandbook/StrodlBR09;Stephan Strodl
reference/dlhandbook/StrodlBR09;Christoph Becker 0001
reference/dlhandbook/StrodlBR09;Andreas Rauber
reference/dlhandbook/SemeraroBGL09;Giovanni Semeraro
reference/dlhandbook/SemeraroBGL09;Pierpaolo Basile
reference/dlhandbook/SemeraroBGL09;Marco de Gemmis
reference/dlhandbook/SemeraroBGL09;Pasquale Lops
reference/dlhandbook/LourdiN09;Irene Lourdi
reference/dlhandbook/LourdiN09;Mara Nikolaidou
reference/dlhandbook/BaptistaS09;Cláudio de Souza Baptista
reference/dlhandbook/BaptistaS09;Ulrich Schiel
reference/dlhandbook/Al-SuqriF09;Mohammed Nasser Al-Suqri
reference/dlhandbook/Al-SuqriF09;Esther O. A. Fatuyi
reference/dlhandbook/PicazoSV09;Piedad Garrido Picazo
reference/dlhandbook/PicazoSV09;Jesús Tramullas Saz
reference/dlhandbook/PicazoSV09;Manuel Coll Villalta
reference/dlhandbook/HagenhoffOS09;Svenja Hagenhoff
reference/dlhandbook/HagenhoffOS09;Björn Ortelbach
reference/dlhandbook/HagenhoffOS09;Lutz Seidenfaden
reference/dlhandbook/PaolozziFG09;Stefano Paolozzi
reference/dlhandbook/PaolozziFG09;Fernando Ferri
reference/dlhandbook/PaolozziFG09;Patrizia Grifoni
reference/dlhandbook/Deng09;Hepu Deng
reference/dlhandbook/BarnaghiWK09;Payam M. Barnaghi
reference/dlhandbook/BarnaghiWK09;Wei Wang 0042
reference/dlhandbook/BarnaghiWK09;Jayan C. Kurian
reference/dlhandbook/OuKG09;Shiyan Ou
reference/dlhandbook/OuKG09;Christopher S. G. Khoo
reference/dlhandbook/OuKG09;Dion Hoe-Lian Goh
reference/dlhandbook/Pang09;Natalie Lee-San Pang
reference/dlhandbook/Ratzek09;Wolfgang Ratzek
reference/dlhandbook/Jeng09;Judy Jeng
reference/dlhandbook/Kettunen09;Juha Kettunen
reference/dlhandbook/GohRCLF09;Dion Hoe-Lian Goh
reference/dlhandbook/GohRCLF09;Khasfariyati Razikin
reference/dlhandbook/GohRCLF09;Alton Yeow-Kuan Chua
reference/dlhandbook/GohRCLF09;Chei Sian Lee
reference/dlhandbook/GohRCLF09;Schubert Foo
reference/dlhandbook/WangY09;Fu Lee Wang
reference/dlhandbook/WangY09;Christopher C. Yang
reference/dlhandbook/YehSC09;Jian-Hua Yeh
reference/dlhandbook/YehSC09;Shun-hong Sie
reference/dlhandbook/YehSC09;Chao-Chen Chen
reference/dlhandbook/LightsomA09;Frances L. Lightsom
reference/dlhandbook/LightsomA09;Alan O. Allwardt
reference/dlhandbook/RamosAFS09;Mila M. Ramos
reference/dlhandbook/RamosAFS09;Luz Marina Alvaré
reference/dlhandbook/RamosAFS09;Cecilia Ferreyra
reference/dlhandbook/RamosAFS09;Peter Shelton
reference/dlhandbook/VeronikisTP09;Spyros Veronikis
reference/dlhandbook/VeronikisTP09;Giannis Tsakonas
reference/dlhandbook/VeronikisTP09;Christos Papatheodorou
reference/dlhandbook/Schaefer09;Gerald Schaefer
reference/dlhandbook/BejarNLMZ09;Rubén Béjar
reference/dlhandbook/BejarNLMZ09;Javier Nogueras-Iso
reference/dlhandbook/BejarNLMZ09;Miguel Ángel Latre
reference/dlhandbook/BejarNLMZ09;Pedro Rafael Muro-Medrano
reference/dlhandbook/BejarNLMZ09;F. Javier Zarazaga-Soria
reference/dlhandbook/PyrounakisN09;George Pyrounakis
reference/dlhandbook/PyrounakisN09;Mara Nikolaidou
reference/dlhandbook/Sasaki09;Hideyasu Sasaki
reference/dlhandbook/KovacevicD09;Ana Kovacevic
reference/dlhandbook/KovacevicD09;Vladan Devedzic
reference/dlhandbook/Shiri09;Ali Shiri
reference/dlhandbook/SchaeferR09;Gerald Schaefer
reference/dlhandbook/SchaeferR09;Simon Ruszala
reference/dlhandbook/OsmanTS09;Taha Osman
reference/dlhandbook/OsmanTS09;Dhavalkumar Thakker
reference/dlhandbook/OsmanTS09;Gerald Schaefer
reference/dlhandbook/Schaefer09a;Gerald Schaefer
reference/dlhandbook/AhmadSD09;Faisal Ahmad
reference/dlhandbook/AhmadSD09;Tamara Sumner
reference/dlhandbook/AhmadSD09;Holly Devaul
reference/dlhandbook/RomeroMCA09;Nuria Lloret Romero
reference/dlhandbook/RomeroMCA09;Margarita Cabrera Méndez
reference/dlhandbook/RomeroMCA09;Alicia Sellés Carot
reference/dlhandbook/RomeroMCA09;Lilia Fernandez Aquino
reference/dlhandbook/KimH09;Wooil Kim
reference/dlhandbook/KimH09;John H. L. Hansen
reference/dlhandbook/Mandl09;Thomas Mandl
reference/dlhandbook/LavariegaGSG09;Juan C. Lavariega
reference/dlhandbook/LavariegaGSG09;Lorena G. Gomez-Martinez
reference/dlhandbook/LavariegaGSG09;Martha Sordia-Salinas
reference/dlhandbook/LavariegaGSG09;David A. Garza-Salazar
reference/dlhandbook/TwidaleN09;Michael B. Twidale
reference/dlhandbook/TwidaleN09;David M. Nichols
reference/dlhandbook/Grace09;Soh Whee Kheng Grace
reference/dlhandbook/CandelaCP09;Leonardo Candela
reference/dlhandbook/CandelaCP09;Donatella Castelli
reference/dlhandbook/CandelaCP09;Pasquale Pagano
reference/dlhandbook/SantosCV09;Neide Santos
reference/dlhandbook/SantosCV09;Fernanda C. A. Campos
reference/dlhandbook/SantosCV09;Regina M. M. Braga Villela
reference/dlhandbook/CasbasNZ09;O. Cantán Casbas
reference/dlhandbook/CasbasNZ09;Javier Nogueras-Iso
reference/dlhandbook/CasbasNZ09;F. Javier Zarazaga-Soria
reference/dlhandbook/WittenB09;Ian H. Witten
reference/dlhandbook/WittenB09;David Bainbridge
reference/dlhandbook/FooTGN09;Schubert Foo
reference/dlhandbook/FooTGN09;Yin Leng Theng
reference/dlhandbook/FooTGN09;Dion Hoe-Lian Goh
reference/dlhandbook/FooTGN09;Jin-Cheon Na
reference/dlhandbook/Galvez09;Carmen Galvez
reference/dlhandbook/LidyR09;Thomas Lidy
reference/dlhandbook/LidyR09;Andreas Rauber
reference/dlhandbook/ChangH09;Chew-Hung Chang
reference/dlhandbook/ChangH09;John G. Hedberg
reference/dlhandbook/Bermon-AngaritaSSG09;Leonardo Bermón-Angarita
reference/dlhandbook/Bermon-AngaritaSSG09;Antonio de Amescua Seco
reference/dlhandbook/Bermon-AngaritaSSG09;Maria Isabel Sánchez Segura
reference/dlhandbook/Bermon-AngaritaSSG09;Javier García Guzmán
reference/dlhandbook/AmeenR09;Kanwal Ameen
reference/dlhandbook/AmeenR09;Muhammad Rafiq
reference/dlhandbook/MaCO09;Yongqing Ma
reference/dlhandbook/MaCO09;Warwick Clegg
reference/dlhandbook/MaCO09;Ann O'Brien
reference/db/Kumar09;Ravi Kumar
reference/db/BeitzelJF09d;Steven M. Beitzel
reference/db/BeitzelJF09d;Eric C. Jensen
reference/db/BeitzelJF09d;Ophir Frieder
reference/db/Marian09;Amélie Marian
reference/db/Sips09;Mike Sips
reference/db/Halevy09a;Alon Y. Halevy
reference/db/Craswell09e;Nick Craswell
reference/db/Carroll09;Michael W. Carroll
reference/db/Jain09;Ramesh Jain
reference/db/Amati09a;Giambattista Amati
reference/db/Guting09b;Ralf Hartmut Güting
reference/db/Elnikety09b;Sameh Elnikety
reference/db/Schenkel09;Ralf Schenkel
reference/db/Lin09b;Tsau Young Lin
reference/db/Weiner09;Michael Weiner
reference/db/Tan09b;Kian-Lee Tan
reference/db/Leung09;Carson Kai-Sang Leung
reference/db/Subieta09;Kazimierz Subieta
reference/db/Gunopulos09a;Dimitrios Gunopulos
reference/db/Tok09a;Wee Hyong Tok
reference/db/DashK09;Manoranjan Dash
reference/db/DashK09;Poon Wei Koot
reference/db/Wu09;Yuqing Wu
reference/db/Wun09a;Alex Wun
reference/db/Weiss09a;Michael Weiss
reference/db/Laurini09;Robert Laurini
reference/db/ManolopoulosTT09b;Yannis Manolopoulos
reference/db/ManolopoulosTT09b;Yannis Theodoridis
reference/db/ManolopoulosTT09b;Vassilis J. Tsotras
reference/db/Goda09j;Kazuo Goda
reference/db/RefaeilzadehTL09;Payam Refaeilzadeh
reference/db/RefaeilzadehTL09;Lei Tang
reference/db/RefaeilzadehTL09;Huan Liu
reference/db/Batini09;Carlo Batini
reference/db/Pedersen09d;Torben Bach Pedersen
reference/db/Palmer09i;Nathaniel Palmer
reference/db/Papadias09;Dimitris Papadias
reference/db/GeorgeS09a;Betsy George
reference/db/GeorgeS09a;Shashi Shekhar
reference/db/Ferrari09b;Elena Ferrari
reference/db/JensenS09n;Christian S. Jensen
reference/db/JensenS09n;Richard T. Snodgrass
reference/db/ZhangZ09d;Ethan Zhang
reference/db/ZhangZ09d;Yi Zhang 0001
reference/db/AntoniouP09;Grigoris Antoniou
reference/db/AntoniouP09;Dimitris Plexousakis
reference/db/AlonsoG09;Omar Alonso
reference/db/AlonsoG09;Michael Gertz
reference/db/Kantarcioglu09;Murat Kantarcioglu
reference/db/Valduriez09b;Patrick Valduriez
reference/db/BerndtssonM09;Mikael Berndtsson
reference/db/BerndtssonM09;Jonas Mellin
reference/db/Fischer-Hubner09;Simone Fischer-Hübner
reference/db/Kolahi09c;Solmaz Kolahi
reference/db/Christophides09;Vassilis Christophides
reference/dataware/Cuzzocrea09;Alfredo Cuzzocrea
reference/dataware/VilaltaS09;Ricardo Vilalta
reference/dataware/VilaltaS09;Tomasz F. Stepinski
reference/dataware/Richard09;Gaël Richard
reference/dataware/BrownK09;Marvin L. Brown
reference/dataware/BrownK09;John F. Kros
reference/dataware/Friedland09;Lisa Friedland
reference/dataware/RamoniS09;Marco Ramoni
reference/dataware/RamoniS09;Paola Sebastiani
reference/dataware/Beynonm09;Malcolm Beynonm
reference/dataware/WangW09;Hai Wang
reference/dataware/WangW09;Shouhong Wang
reference/dataware/Yen09;Gary G. Yen
reference/dataware/Alshalalfa09;Mohammed Al-Shalalfa
reference/dataware/Schafer09;J. Schafer
reference/dataware/BoussaidB09;Omar Boussaid
reference/dataware/BoussaidB09;Doulkifli Boukraâ
reference/dataware/Nambiar09;Ullas Nambiar
reference/dataware/Zhu09;Dan Zhu
reference/dataware/PhuaLS09;Clifton Phua
reference/dataware/PhuaLS09;Vincent C. S. Lee
reference/dataware/PhuaLS09;Kate Smith-Miles
reference/dataware/MaceliS09;Monica Maceli
reference/dataware/MaceliS09;Min Song
reference/dataware/Lu09;Ruqian Lu
reference/dataware/Schneider09;Michel Schneider
reference/dataware/Athappilly09;Kuriakose Athappilly
reference/dataware/Wang09a;Yawei Wang
reference/dataware/Moon09;Seung Ki Moon
reference/dataware/Recupero09;Diego Reforgiato Recupero
reference/dataware/Fan09;Xinghua Fan
reference/dataware/Tan09a;Rebecca Boon-Noi Tan
reference/dataware/Hwang09;Seung-won Hwang
reference/dataware/CaramiaF09;Massimiliano Caramia
reference/dataware/CaramiaF09;Giovanni Felici
reference/dataware/Pan09;Feng Pan
reference/dataware/Wen09a;Ji-Rong Wen
reference/dataware/BhatnagarG09;Vasudha Bhatnagar
reference/dataware/BhatnagarG09;S. K. Gupta
reference/dataware/Kryszkiewicz09;Marzena Kryszkiewicz
reference/dataware/Chrysostomou09;Kyriacos Chrysostomou
reference/dataware/Giraud-CarrierBSV09;Christophe G. Giraud-Carrier
reference/dataware/Giraud-CarrierBSV09;Pavel Brazdil
reference/dataware/Giraud-CarrierBSV09;Carlos Soares
reference/dataware/Giraud-CarrierBSV09;Ricardo Vilalta
reference/dataware/Scime09;Anthony Scime
reference/dataware/Denoyer09;Ludovic Denoyer
reference/dataware/Valle09;Luciana Dalla Valle
reference/dataware/KanapadyL09;Ramdev Kanapady
reference/dataware/KanapadyL09;Aleksandar Lazarevic
reference/dataware/Zhao09a;Yan Zhao
reference/dataware/Rokach09;Lior Rokach
reference/dataware/Lachiche09;Nicolas Lachiche
reference/dataware/Lindell09;Yehuda Lindell
reference/dataware/An09;Aijun An
reference/dataware/QiuM09;Dingxi Qiu
reference/dataware/QiuM09;Edward C. Malthouse
reference/dataware/Hullermeier09;Eyke Hüllermeier
reference/dataware/Wei09;Xunkai Wei
reference/dataware/Marmo09;Roberto Marmo
reference/dataware/Hamel09;Lutz Hamel
reference/dataware/Yuan09;Junsong Yuan
reference/dataware/Muruzabal09;Jorge Muruzábal
reference/dataware/Yao09;Yiyu Yao
reference/dataware/SicilianoC09;Roberta Siciliano
reference/dataware/SicilianoC09;Claudio Conversano
reference/dataware/Moturu09;Sai T. Moturu
reference/dataware/ZhangWX09;Jun Zhang 0001
reference/dataware/ZhangWX09;Jie Wang
reference/dataware/ZhangWX09;Shuting Xu
reference/dataware/Pharo09;Nils Pharo
reference/dataware/Bruha09;Ivan Bruha
reference/dataware/Kouris09;Ioannis N. Kouris
reference/dataware/Bose09;Indranil Bose
reference/dataware/Xiang09;Yang Xiang
reference/dataware/Li09c;Wenyuan Li
reference/dataware/Buccafurri09;Francesco Buccafurri
reference/dataware/KimTPC09;Seoung Bum Kim
reference/dataware/KimTPC09;Chivalai Temiyasathit
reference/dataware/KimTPC09;Sun-Kyoung Park
reference/dataware/KimTPC09;Victoria C. P. Chen
reference/dataware/Vardaki09;Maria Vardaki
reference/dataware/Harms09;Sherri K. Harms
reference/dataware/Beynon09;Malcolm Beynon
reference/dataware/Kern-Isberner09;Gabriele Kern-Isberner
reference/dataware/CadotMZ09;Martine Cadot
reference/dataware/CadotMZ09;Jean-Baptiste Maj
reference/dataware/CadotMZ09;Tarek Ziadé
reference/dataware/ZhuNZ09;Jun Zhu
reference/dataware/ZhuNZ09;Zaiqing Nie
reference/dataware/ZhuNZ09;Bo Zhang
reference/dataware/Mobasher09;Bamshad Mobasher
reference/dataware/WuCX09;Junjie Wu
reference/dataware/WuCX09;Jian Chen
reference/dataware/WuCX09;Hui Xiong
reference/dataware/Beynon09a;Malcolm Beynon
reference/dataware/Chakravarty09a;Indrani Chakravarty
reference/dataware/HuangT09;Chun-Che Huang
reference/dataware/HuangT09;Tzu-Liang Tseng
reference/dataware/WahlstromRSEV09;Kirsten Wahlstrom
reference/dataware/WahlstromRSEV09;John F. Roddick
reference/dataware/WahlstromRSEV09;Rick Sarre
reference/dataware/WahlstromRSEV09;Vladimir Estivill-Castro
reference/dataware/WahlstromRSEV09;Denise de Vries
reference/dataware/BrenaM09;Ramón F. Brena
reference/dataware/BrenaM09;Ana Gabriela Maguitman
reference/dataware/Ngo09;Minh Ngo
reference/dataware/Thelwall09;Mike Thelwall
reference/dataware/Giraud-Carrier09;Christophe G. Giraud-Carrier
reference/dataware/Lin09;Shu-Chiang Lin
reference/dataware/Ding09;Qin Ding
reference/dataware/Scheffer09;Tobias Scheffer
reference/dataware/LovellCS09a;Brian C. Lovell
reference/dataware/LovellCS09a;Shaokang Chen
reference/dataware/LovellCS09a;Ting Shan
reference/dataware/Lo09;David Lo
reference/dataware/Grzymala-BusseZ09;Jerzy W. Grzymala-Busse
reference/dataware/Grzymala-BusseZ09;Wojciech Ziarko
reference/dataware/Chakravarty09;Indrani Chakravarty
reference/dataware/FreitasP09;Alex Alves Freitas
reference/dataware/FreitasP09;Gisele L. Pappa
reference/dataware/Thuraisingham09;Bhavani M. Thuraisingham
reference/dataware/Gama09a;João Gama
reference/dataware/Gama09a;Pedro Pereira Rodrigues
reference/dataware/Ashrafi09;Mafruz Zaman Ashrafi
reference/dataware/Mukherjee09;Sach Mukherjee
reference/dataware/Giraud-Carrier09a;Christophe G. Giraud-Carrier
reference/dataware/Weber09;Richard Weber
reference/dataware/Tanasa09;Doru Tanasa
reference/dataware/Woon09;Yew-Kwong Woon
reference/dataware/Fischer09;Ingrid Fischer
reference/dataware/Bonchi09;Francesco Bonchi
reference/dataware/ViswanathMB09;P. Viswanath
reference/dataware/ViswanathMB09;M. Narasimha Murty
reference/dataware/ViswanathMB09;Shalabh Bhatnagar
reference/dataware/Geller09;James Geller
reference/dataware/Mirnov09;Alexander Mirnov
reference/dataware/LinHL09;Beixin Lin
reference/dataware/LinHL09;Yu Hong
reference/dataware/LinHL09;Zu-Hsu Lee
reference/dataware/Bouchachia09;Abdelhamid Bouchachia
reference/dataware/Kamel09;Magdi Kamel
reference/dataware/BellatrecheM09;Ladjel Bellatreche
reference/dataware/BellatrecheM09;Mukesh K. Mohania
reference/dataware/Bartik09;Vladimír Bartík
reference/dataware/Tsoumakas09;Grigorios Tsoumakas
reference/dataware/Aimeur09;Esma Aïmeur
reference/dataware/Gama09;João Gama
reference/dataware/Gama09;Pedro Pereira Rodrigues
reference/dataware/Li09b;Xiaoli Li
reference/dataware/Maruster09;Laura Maruster
reference/dataware/WuMPB09;Qingxiang Wu
reference/dataware/WuMPB09;T. Martin McGinnity
reference/dataware/WuMPB09;Girijesh Prasad
reference/dataware/WuMPB09;David A. Bell
reference/dataware/ChenK09;Yu Chen
reference/dataware/ChenK09;Wei-Shinn Ku
reference/dataware/Kouris09a;Ioannis N. Kouris
reference/dataware/Hamilton-WrightS09a;Andrew Hamilton-Wright
reference/dataware/Hamilton-WrightS09a;Daniel W. Stashuk
reference/dataware/Oh09;Jung-Hwan Oh
reference/dataware/Cisaro09;Sandra Elizabeth González Císaro
reference/dataware/Oza09;Nikunj C. Oza
reference/dataware/ViktorP09;Herna L. Viktor
reference/dataware/ViktorP09;Eric Paquet
reference/dataware/LiL09;Mei Li
reference/dataware/LiL09;Wang-Chien Lee
reference/dataware/Nayak09;Richi Nayak
reference/dataware/Pratihar09;Dilip Kumar Pratihar
reference/dataware/Mitra09;Amitava Mitra
reference/dataware/Rooney09;Niall Rooney
reference/dataware/Dumitriu09;Luminita Dumitriu
reference/dataware/PerrizoDDA09;William Perrizo
reference/dataware/PerrizoDDA09;Qiang Ding
reference/dataware/PerrizoDDA09;Qin Ding
reference/dataware/PerrizoDDA09;Taufik Abidin
reference/dataware/ChenowethS09;Megan Chenoweth
reference/dataware/ChenowethS09;Min Song
reference/dataware/HuangKLW09;Wenxue Huang
reference/dataware/HuangKLW09;Milorad Krneta
reference/dataware/HuangKLW09;Limin Lin
reference/dataware/HuangKLW09;Jianhong Wu
reference/dataware/Koeller09;Andreas Koeller
reference/dataware/Markellos09;Konstantinos Markellos
reference/dataware/Meisel09;Stephan Meisel
reference/dataware/BouguettayaY09;Athman Bouguettaya
reference/dataware/BouguettayaY09;Qi Yu
reference/dataware/Tan09;Zheng-Hua Tan
reference/dataware/Ito09;Takao Ito
reference/dataware/LicthnowP09;Stanley Daniel Licthnow
reference/dataware/LicthnowP09;Thyago Tiago Primo
reference/dataware/ReddyR09;Chandan K. Reddy
reference/dataware/ReddyR09;Bala Rajaratnam
reference/dataware/Kontio09;Juha Kontio
reference/dataware/Wieczorkowska09;Alicja Wieczorkowska
reference/dataware/Figini09;Silvia Figini
reference/dataware/Hsu09a;William Hsu
reference/dataware/Doloc-Mihu09;Anca Doloc-Mihu
reference/dataware/Kotis09;Konstantinos Kotis
reference/dataware/Peter09;Hadrian Peter
reference/dataware/Bellatreche09a;Ladjel Bellatreche
reference/ethics/Cole07;Robert J. Cole
reference/ethics/KotlarskyOH07;Julia Kotlarsky
reference/ethics/KotlarskyOH07;Ilan Oshri
reference/ethics/KotlarskyOH07;Corey Hirsch
reference/ethics/Gray07;Kathleen Gray
reference/ethics/ShettyL07a;Pravin Shetty
reference/ethics/ShettyL07a;Seng Wai Loke
reference/ethics/McNaught07;Carmel McNaught
reference/ethics/EtterPM07;Stephanie Etter
reference/ethics/EtterPM07;Patricia G. Phillips
reference/ethics/EtterPM07;Ashli M. Molinero
reference/ethics/Rattani07;Ajita Rattani
reference/ethics/Nissan07a;Ephraim Nissan
reference/ethics/DoumaG07;Michael Douma
reference/ethics/DoumaG07;Eduard J. Gamito
reference/ethics/Hanson07;Jan Skalicky Hanson
reference/ethics/Roy07;Jeffrey Roy
reference/ethics/Warren07;M. J. Warren
reference/ethics/Nichol07;Sophie Nichol
reference/ethics/Kawash07;Jalal Kawash
reference/ethics/Isenmann07;Ralf Isenmann
reference/ethics/Guan07a;Sheng-Uei Guan
reference/ethics/Abdolmohammadi07;Mohammad Abdolmohammadi
reference/ethics/DunkelsE07;Elza Dunkels
reference/ethics/DunkelsE07;AnnBritt Enochsson
reference/ethics/Wickramasinghe07;Nilmini Wickramasinghe
reference/ethics/RasI07;Zbigniew W. Ras
reference/ethics/RasI07;Seunghyun Im
reference/ethics/Gurau07;Calin Gurau
reference/ethics/Ngo07;Leanne Ngo
reference/ethics/IronsB07;Alistair Irons
reference/ethics/IronsB07;Roger Boyle
reference/ethics/Whiddett07;Dick Whiddett
reference/ethics/Chatterjee07;Sutirtha Chatterjee
reference/ethics/Paperin07;Gregory Paperin
reference/ethics/Kiau07;Bong Wee Kiau
reference/ethics/Gasmelseid07;Tagelsir Mohamed Gasmelseid
reference/ethics/Stahl07;Bernd Carsten Stahl
reference/ethics/Currier07;Dianne Currier
reference/ethics/Guan07;Sheng-Uei Guan
reference/ethics/Dyson07;Laurel Evelyn Dyson
reference/ethics/Ruvinsky07;Alicia Ruvinsky
reference/ethics/Kats07;Yefim Kats
reference/ethics/Ellis07;Kirsten Ellis
reference/ethics/LiS07;Koon-Ying Raymond Li
reference/ethics/LiS07;James Sofra
reference/ethics/Beggs07;Christopher Beggs
reference/ethics/Jasola07;Sanjay Jasola
reference/ethics/Chen07;Jengchung V. Chen
reference/ethics/Warren07a;M. J. Warren
reference/ethics/Kamthan07;Pankaj Kamthan
reference/ethics/Jourdan07;Zack Jourdan
reference/ethics/ChenK07;Irene Chen
reference/ethics/ChenK07;Terry T. Kidd
reference/ethics/Grillo07;Antonio Grillo
reference/ethics/XiangZ07;Yang Xiang
reference/ethics/XiangZ07;Wanlei Zhou
reference/ethics/Gupta07;Manish Gupta
reference/ethics/Me07;Gianluigi Me
reference/ethics/Michael07;Katina Michael
reference/ethics/Leonard07;Lori N. K. Leonard
reference/ethics/Zhao07a;Wenbing Zhao 0001
reference/ethics/Butler07;Matthew Butler 0002
reference/ethics/Zhao07;Wenbing Zhao 0001
reference/ethics/ShettyL07;Pravin Shetty
reference/ethics/ShettyL07;Seng Wai Loke
reference/ethics/Chapple07;Michael J. Chapple
reference/ethics/Abdallah07;Salam Abdallah
reference/ethics/Nissan07;Ephraim Nissan
reference/ethics/Al-Fedaghi07;Sabah S. Al-Fedaghi
reference/ethics/BeckerSJ07;Reggie Becker
reference/ethics/BeckerSJ07;Mark B. Schmidt
reference/ethics/BeckerSJ07;Allen C. Johnston
reference/ethics/TribunellaT07;Thomas J. Tribunella
reference/ethics/TribunellaT07;Heidi R. Tribunella
reference/ethics/Tyrvaskyla07;Pasi Tyrväskylä
reference/complexity/HegyiBS09;Andreas Hegyi
reference/complexity/HegyiBS09;T. Bellemans
reference/complexity/HegyiBS09;Bart De Schutter
reference/complexity/SridharS09;Banavar Sridhar
reference/complexity/SridharS09;Kapil Sheth
reference/complexity/Wazwaz09;Abdul-Majid Wazwaz
reference/complexity/Ren09;Yu-Jie Ren
reference/complexity/Takei09;Yasuko Takei
reference/complexity/Pismen09;L. M. Pismen
reference/complexity/FormentiK09;Enrico Formenti
reference/complexity/FormentiK09;Petr Kurka
reference/complexity/BermanS09;Abraham Berman
reference/complexity/BermanS09;Naomi Shaked-Monderer
reference/complexity/Namee09;Brian Mac Namee
reference/complexity/ZeiglerMY09;Bernard P. Zeigler
reference/complexity/ZeiglerMY09;Alexandre Muzy
reference/complexity/ZeiglerMY09;Levent Yilmaz
reference/complexity/YaariSS09;Gur Yaari
reference/complexity/YaariSS09;Dietrich Stauffer
reference/complexity/YaariSS09;Sorin Solomon
reference/complexity/HowickAEW09;Susan Howick
reference/complexity/HowickAEW09;Fran Ackermann
reference/complexity/HowickAEW09;Colin Eden
reference/complexity/HowickAEW09;Terry Williams
reference/complexity/Kendon09;Viv Kendon
reference/complexity/GossnerT09;Olivier Gossner
reference/complexity/GossnerT09;Tristan Tomala
reference/complexity/Sacchetti09;Andrea Sacchetti
reference/complexity/Fogedby09;Hans C. Fogedby
reference/complexity/Carrion-VazquezCO09;Mariano Carrión-Vázquez
reference/complexity/Carrion-VazquezCO09;Marek Cieplak
reference/complexity/Carrion-VazquezCO09;Andrés F. Oberhauser
reference/complexity/Kelso09;James A. S. Kelso
reference/complexity/Keinert09;Fritz Keinert
reference/complexity/Gaeta09a;Giuseppe Gaeta
reference/complexity/Teisseyre09;Roman Teisseyre
reference/complexity/Gaeta09;Giuseppe Gaeta
reference/complexity/HirschH09;Gary Hirsch
reference/complexity/HirschH09;Jack B. Homer
reference/complexity/Orbach09;Raymond L. Orbach
reference/complexity/Rue09;Thierry de la Rue
reference/complexity/Stauffer09a;Dietrich Stauffer
reference/complexity/Turcotte09;Donald L. Turcotte
reference/complexity/McKane09;Alan J. McKane
reference/complexity/BandiniMV09;Stefania Bandini
reference/complexity/BandiniMV09;Sara Manzoni
reference/complexity/BandiniMV09;Giuseppe Vizzari
reference/complexity/Rosier09;Lionel Rosier
reference/complexity/GregorioLD09;Paolo De Gregorio
reference/complexity/GregorioLD09;Aonghus Lawlor
reference/complexity/GregorioLD09;Kenneth A. Dawson
reference/complexity/FrenkelYJN09;Anatoly I. Frenkel
reference/complexity/FrenkelYJN09;Judith C. Yang
reference/complexity/FrenkelYJN09;Duane D. Johnson
reference/complexity/FrenkelYJN09;Ralph G. Nuzzo
reference/complexity/WebbCP09;Steve Webb
reference/complexity/WebbCP09;James Caverlee
reference/complexity/WebbCP09;Calton Pu
reference/complexity/Ford09;Andrew Ford
reference/complexity/BundeH09;Armin Bunde
reference/complexity/BundeH09;Shlomo Havlin
reference/complexity/Quas09;Anthony Quas
reference/complexity/KierS09;Lemont B. Kier
reference/complexity/KierS09;Paul G. Seybold
reference/complexity/JohnM09;Robert Ivor John
reference/complexity/JohnM09;Jerry M. Mendel
reference/complexity/Frank09a;Ove Frank
reference/complexity/Regev09;Oded Regev
reference/complexity/BenedettoP09;D. Benedetto
reference/complexity/BenedettoP09;M. Pulvirenti
journals/lncs/FabrizioCV93;Annalina Fabrizio
journals/lncs/FabrizioCV93;Maurizio Capaccioli
journals/lncs/FabrizioCV93;Sandra Valeri
journals/lncs/LugliNC93;Marco Lugli
journals/lncs/LugliNC93;Luca Nini
journals/lncs/LugliNC93;Stefano Ceri
journals/lncs/NanniST93;Umberto Nanni
journals/lncs/NanniST93;Silvio Salza
journals/lncs/NanniST93;Mario Terranova
journals/lncs/CabibboM93;Luca Cabibbo
journals/lncs/CabibboM93;Giansalvatore Mecca
journals/lncs/ArtaleCS93;Alessandro Artale
journals/lncs/ArtaleCS93;Francesca Cesarini
journals/lncs/ArtaleCS93;Giovanni Soda
journals/lncs/AtzeniCCT93;Paolo Atzeni
journals/lncs/AtzeniCCT93;Filippo Cacace
journals/lncs/AtzeniCCT93;Stefano Ceri
journals/lncs/AtzeniCCT93;Letizia Tanca
journals/lncs/CeriT93;Stefano Ceri
journals/lncs/CeriT93;Letizia Tanca
journals/lncs/NanniST93a;Umberto Nanni
journals/lncs/NanniST93a;Silvio Salza
journals/lncs/NanniST93a;Mario Terranova